backen<br/>{{c1::bäckt (backt)}}<br/>{{c1::backte (buk)}}<br/>{{c1::hat gebacken}}	<b>Sie <em>hat</em> den Kuchen in einer runden Form <em>gebacken</em>.</b><br/>She baked the cake in a round mould.
befehlen<br/>{{c1::befiehlt}}<br/>{{c1::befahl}}<br/>{{c1::hat befohlen}}	<b>Der Feldwebel <em>befahl</em> der Truppe, zu marschieren.</b><br/>The sergeant commanded the troop to march.
beginnen<br/>{{c1::beginnt}}<br/>{{c1::begann}}<br/>{{c1::hat begonnen}}	<b>Wir <em>beginnen</em> morgen mit dem neuen Projekt.</b><br/>We will begin with the new project tomorrow.<br/><br/><b>Das Konzert <em>begann</em> mit einem wunderschönen Klavierstück.</b><br/>The concert began with a beautiful piano piece.<br/><br/><b>Die Wehen <em>haben begonnen</em>, bald kommt das Baby.</b><br/>The contractions have set in, the baby will arrive soon.
beißen<br/>{{c1::beißt}}<br/>{{c1::biss}}<br/>{{c1::hat gebissen}}	<b>Du kannst den Hund streicheln; er wird dich nicht <em>beißen</em>.</b><br/>You can pet the dog; it will not bite you.<br/><br/><b>Ich <em>biss</em> in einen sauren Apfel und verzog das Gesicht.</b><br/>I bit into a sour apple and grimaced.
bergen<br/>{{c1::birgt}}<br/>{{c1::barg}}<br/>{{c1::hat geborgen}}	<b>Die Küstenwache hat die Mannschaft von dem havarierten Schiff <em>geborgen</em>.</b><br/>The coastguard rescued the crew from the wrecked ship.<br/><br/><b>Dunkle Höhlen können viele Geheimnisse <em>bergen</em>.</b><br/>Dark caves can hide many secrets.<br/><br/><b>Es gelang der Crew, das auf Grund gelaufene Schiff zu <em>bergen</em>.</b><br/>The crew managed to salvage the ship that had run aground.
bersten<br/>{{c1::birst}}<br/>{{c1::barst}}<br/>{{c1::ist geborsten}}	<b>Wenn Wasser in Leitungen gefriert, können die Leitungen <em>bersten</em>.</b><br/>When the water in pipes freezes, the pipes can burst.<br/><br/><b>Das Glas <em>barst</em> in tausend Stücke, als es auf den Boden fiel.</b><br/>The glass shattered into a thousand pieces when it fell to the floor.<br/><br/><b>Der Damm <em>ist</em> unter dem starken Wasserdruck <em>geborsten</em>.</b><br/>The dam has burst under the strong water pressure.
betrügen<br/>{{c1::betrügt}}<br/>{{c1::betrog}}<br/>{{c1::hat betrogen}}	<b>Mein Bruder <em>betrügt</em> nie, wenn wir Karten spielen.</b><br/>My brother never cheats when we play cards<br/><br/><b>Er <em>betrog</em> seine Klienten und stahl ihr Geld.</b><br/>He defrauded his clients and stole their money.<br/><br/><b>Mein Freund <em>hat</em> mich nie <em>betrogen</em>; er ist mir treu.</b><br/>My boyfriend never cheated on me; he is faithful to me.
bewegen<br/>{{c1::bewegt}}<br/>{{c1::bewog}}<br/>{{c1::hat bewogen}}	<b>Die Tänzerin <em>bewegte</em> anmutig die Arme.</b><br/>The dancer moved her arms gracefully.<br/><br/><b>Gemeinsam können wir im Umweltschutz etwas <em>bewegen</em>.</b><br/>Together we can make a difference in environmental protection.<br/><br/><b>Beide Zwillinge sprechen und <em>bewegen sich</em> auf ähnliche Art.</b><br/>Both twins talk and move in a similar fashion.
biegen<br/>{{c1::biegt}}<br/>{{c1::bog}}<br/>{{c1::hat gebogen}}	<b>Wenn ich einen Stock zu stark <em>biege</em>, bricht er.</b><br/>If I bend a stick too much, it will break.<br/><br/><b>An der Kreuzung ist das Fahrzeug in die Schillerstraße <em>abgebogen</em>.</b><br/>At the intersection, the vehicle turned into Schillerstrasse.
bieten<br/>{{c1::bietet}}<br/>{{c1::bot}}<br/>{{c1::hat geboten}}	<b>Das neue Museum hat für jeden etwas zu <em>bieten</em>.</b><br/>The new museum has something to offer for everybody.
binden<br/>{{c1::bindet}}<br/>{{c1::band}}<br/>{{c1::hat gebunden}}	<b>Ich muss meine Abschlußarbeit vor dem Einreichen <em>binden</em>.</b><br/>I need to bind my thesis before submitting it.<br/><br/><b>Wir <em>haben</em> ein rotes Band um die Schachtel <em>gebunden</em>.</b><br/>We tied a red ribbon around the box.
bitten<br/>{{c1::bittet}}<br/>{{c1::bat}}<br/>{{c1::hat gebeten}}	<b>Der Arzt <em>bat</em> um eine Probe.</b><br/>The doctor asked for a specimen.<br/><br/><b>Der Kunde <em>bat</em> um weitere Produktinformationen.</b><br/>The customer requested further product information.<br/><br/><b>Ich <em>habe</em> ihn um Hilfe <em>gebeten</em>.</b><br/>I have asked him for help.
blasen<br/>{{c1::bläst}}<br/>{{c1::blies}}<br/>{{c1::hat geblasen}}	<b>Heute <em>bläst</em> der Wind sehr stark.</b><br/>Today, the wind is blowing very strongly.<br/><br/><b>Der Sturm <em>blies</em> alle Blätter vom Baum.</b><br/>The storm blew all the leaves off the tree.<br/><br/><b>Sie <em>hat</em> die Kerzen auf der Torte <em>geblasen</em>.</b><br/>She has blown out the candles on the cake.
bleiben<br/>{{c1::bleibt}}<br/>{{c1::blieb}}<br/>{{c1::ist geblieben}}	<b>Ich <em>blieb</em> den ganzen Tag zu Hause.</b><br/>I stayed home all day.<br/><br/><b>Martin Weber <em>ist</em> den ganzen Winter durch im Haus <em>geblieben</em>.</b><br/>Martin Weber stayed in the house throughout the winter.
braten<br/>{{c1::brät}}<br/>{{c1::briet}}<br/>{{c1::hat gebraten}}	<b>Ich werde die Eier verrühren und danach <em>braten</em>.</b><br/>I am going to scramble the eggs and then fry them.<br/><br/><b>Er <em>briet</em> das Lammsteak im Ofen.</b><br/>He roasted the lamb steak in the oven.<br/><br/><b>Sie <em>hat</em> das Gemüse in Olivenöl <em>gebraten</em>.</b><br/>She fried the vegetables in olive oil.
brechen<br/>{{c1::bricht}}<br/>{{c1::brach}}<br/>{{c1::hat gebrochen}}	<b>Ich <em>habe</em> mir den Arm <em>gebrochen</em>, aber es ist wieder komplett verheilt.</b><br/>I broke my arm, but it has healed completely.<br/><br/><b>Der Zaun <em>ist gebrochen</em>.</b><br/>The fence is broken.
brennen<br/>{{c1::brennt}}<br/>{{c1::brannte}}<br/>{{c1::hat gebrannt}}	<b>Das Lagerfeuer <em>brennt</em> seit zwei Stunden.</b><br/>The bonfire has been burning for two hours.<br/><br/><b>Das Shampoo <em>brannte</em> in meinen Augen.</b><br/>The shampoo stung my eyes.<br/><br/><b>Der Kratzer auf meinem Arm <em>brennt</em> ein bisschen.</b><br/>The scratch I have on my arm smarts a little.
abbrennen<br/>{{c1::brennt ab}}<br/>{{c1::brannte ab}}<br/>{{c1::ist abgebrannt}}	<b>Das Haus <em>ist</em> vollständig <em>abgebrannt</em>.</b><br/>The house completely burned down.
bringen<br/>{{c1::bringt}}<br/>{{c1::brachte}}<br/>{{c1::hat gebracht}}	<b>Die Wolken werden Regen <em>bringen</em>.</b><br/>The clouds will bring rain.<br/><br/><b>Er bot seinem Freund an, ihn nach Hause zu <em>bringen</em>.</b><br/>He offered to take his friend home.<br/><br/><b>Regelmäßiges Training <em>bringt</em> Wohlbefinden und Fitness.</b><br/>Constant exercise yields well-being and fitness.<br/><br/><b>Der Hund <em>brachte</em> den Ball.</b><br/>The dog fetched the ball.
denken<br/>{{c1::denkt}}<br/>{{c1::dachte}}<br/>{{c1::hat gedacht}}	<b>Ich <em>denke</em>, wir sollten etwas essen.</b><br/>I think we should eat something.<br/><br/><b>Ich <em>dachte</em>, dass das Meeting um acht Uhr war.</b><br/>I thought the meeting was at eight o'clock.<br/><br/><b>Ich muss daran <em>denken</em>, das Fenster zu schließen.</b><br/>I have to remember to close the window.<br/><br/><b>Ich <em>denke</em>, dass ich vielleicht eine Beförderung bekomme.</b><br/>I figure that I might get a promotion.
dingen<br/>{{c1::dingt}}<br/>{{c1::dingte (dang)}}<br/>{{c1::hat gedingt (gedungen)}}	<b>Sie <em>dingt</em> einen Fachmann für das Projekt..</b><br/>She hires a specialist for the project.<br/><br/><b>Sie <em>dingten</em> einen Boten, um die Nachricht zu überbringen.</b><br/>They hired a messenger to deliver the message.<br/><br/><b>Er <em>hat</em> einen Detektiv <em>gedungen</em>, um den Fall zu lösen.</b><br/>He has hired a detective to solve the case.
dreschen<br/>{{c1::drischt}}<br/>{{c1::drosch}}<br/>{{c1::hat gedroschen}}	<b>Die Bauern <em>dreschen</em> das Getreide auf dem Feld.</b><br/>The farmers are threshing the grain in the field.<br/><br/><b>Er <em>drosch</em> wütend auf den Boxsack ein.</b><br/>He angrily pounded on the punching bag.<br/><br/><b>Er <em>hat</em> auf den Boxsack <em>gedroschen</em>, bis er erschöpft war.</b><br/>He has pounded on the punching bag until he was exhausted.
dringen<br/>{{c1::dringt}}<br/>{{c1::drang}}<br/>{{c1::ist/hat gedrungen}}	<b>Licht <em>dringt</em> durch das Fenster in den Raum.</b><br/>Light is penetrating the room through the window.<br/><br/><b>Er <em>dringt</em> darauf, dass wir sofort handeln.</b><br/>He insists that we act immediately.<br/><br/><b>Wasser <em>drang</em> durch das Dach ins Haus.</b><br/>Water penetrated through the roof into the house.<br/><br/><b>Das Geräusch <em>ist</em> bis in mein Zimmer <em>gedrungen</em>.</b><br/>he noise has reached my room.<br/><br/><b>Er <em>hat</em> darauf <em>gedrungen</em>, dass wir pünktlich sind.</b><br/>He has insisted that we be on time.
dürfen<br/>{{c1::darf}}<br/>{{c1::durfte}}<br/>{{c1::hat gedurft/dürfen}}	<b>Ich <em>darf</em> heute Abend länger aufbleiben.</b><br/>I am allowed to stay up longer tonight.<br/><br/><b>Er <em>durfte</em> während der Prüfung nicht sprechen.</b><br/>He was not allowed to speak during the exam.<br/><br/><b>Ich <em>habe</em> immer <em>dürfen</em>, meine Meinung zu äußern.</b><br/>I have always been allowed to express my opinion.
empfehlen<br/>{{c1::empfiehlt}}<br/>{{c1::empfahl}}<br/>{{c1::hat empfohlen}}	<b>Ich <em>empfehle</em> dir, dieses Buch zu lesen.</b><br/>I recommend that you read this book.<br/><br/><b>Er <em>empfahl</em> mir, die Prüfung früher zu lernen.</b><br/>He recommended that I study for the exam earlier.<br/><br/><b>Sie <em>haben</em> mir einen guten Film <em>empfohlen</em>.</b><br/>They have recommended a good movie to me.
erlöschen<br/>{{c1::erlischt}}<br/>{{c1::erlosch}}<br/>{{c1::ist erloschen}}	<b>Das Licht <em>erlischt</em> nach einer Stunde.</b><br/>The light goes out after an hour.<br/><br/><b>Die Flamme <em>erlosch</em> plötzlich im Wind.</b><br/>The flame went out suddenly in the wind.<br/><br/><b>Die Kerze <em>ist</em> erloschen, weil sie keinen Wachs mehr hatte.</b><br/>The candle has gone out because it had no more wax.
erschrecken<br/>{{c1::erschrickt}}<br/>{{c1::erschrak}}<br/>{{c1::ist erschrocken}}	<b>Warum <em>hast</em> du <em>mich</em> so <em>erschrocken</em>?</b><br/>Why did you scare me so much?<br/><br/><b>Nicht alle Schüler <em>sind</em> vor dem neuen Lehrer <em>erschrocken</em>.</b><br/>Not all pupils are scared of the new teacher.
erwägen<br/>{{c1::erwägt}}<br/>{{c1::erwog}}<br/>{{c1::hat erwogen}}	<b>Er <em>erwägt</em>, einen neuen Plan zu machen.</b><br/>He is considering making a new plan.<br/><br/><b>Ich <em>erwog</em> die Vorteile und Nachteile, bevor ich eine Entscheidung traf.</b><br/>I weighed the advantages and disadvantages before making a decision.<br/><br/><b>Er <em>hat</em> die Möglichkeiten <em>erwogen</em>.</b><br/>He has considered the options.
essen<br/>{{c1::isst}}<br/>{{c1::ass}}<br/>{{c1::hat gegessen}}	<b>Er <em>isst</em> jeden Tag Gemüse.</b><br/>He eats vegetables every day.<br/><br/><b>Sie <em>aß</em> am Sonntag einen Kuchen.</b><br/>She ate a cake on Sunday.<br/><br/><b>Er <em>hat</em> ein Sandwich <em>gegessen</em>.</b><br/>He has eaten a sandwich.
fahren<br/>{{c1::fährt}}<br/>{{c1::fuhr}}<br/>{{c1::ist/hat gefahren}}	<b>Am Sonntag <em>sind</em> wir mit unseren Freunden in den Schwarzwald <em>gefahren</em>.</b><br/>On Sunday, we went to the Black Forest with our friends.<br/><br/><b>Kinder unter 6 Jahren <em>sind</em> umsonst <em>mitgefahren</em>.</b><br/>Children under the age of 6 travel free of charge.<br/><br/><b>Sie <em>fuhr</em> letztes Jahr nach Italien.</b><br/>She traveled to Italy last year.<br/><br/><b>Auf dem Nürburgring <em>habe</em> ich das neueste Mercedesmodell <em>gefahren</em>.</b><br/>I drove the latest Mercedes model at the Nürburgring.<br/><br/><b>Ich <em>habe</em> das Schild <em>umgefahren</em>.</b><br/>I knocked over the sign.<br/><br/><b>Ich <em>habe</em> das Schild <em>umfahren</em>.</b><br/>I drove around the sign.<br/><br/><b>Den Stau auf der Autobahn <em>haben</em> wir weiträumig <em>umgefahren</em>.</b><br/>We avoided the traffic jam on the highway.<br/><br/><b>Der Autofahrer <em>hat</em> den armen Hund einfach <em>überfahren</em>.</b><br/>The driver simply ran over the poor dog.<br/><br/><b>Frau Lambert <em>hat</em> sich jedes Mal in München <em>verfahren</em>.</b><br/>Mrs. Lambert got lost in Munich every time.
fallen<br/>{{c1::fällt}}<br/>{{c1::fiel}}<br/>{{c1::ist gefallen}}	<b>Er <em>fällt</em> oft im Sport.</b><br/>He often falls in sports.<br/><br/><b>Sie <em>fiel</em> gestern beim Skifahren.</b><br/>She fell yesterday while skiing.<br/><br/><b>Das Kind <em>ist</em> auf den Mund <em>gefallen</em> und hat dabei einen Zahn verloren.</b><br/>The child has fallen on its mouth and lost a tooth.
fangen<br/>{{c1::fängt}}<br/>{{c1::fing}}<br/>{{c1::hat gefangen}}	<b>Es ist verboten, im Naturschutzgebiet Schmetterlinge zu <em>fangen</em>.</b><br/>It is forbidden to capture butterflies in the nature reserve.<br/><br/><b>Ein Spieler wirft den Ball und der andere Spieler <em>fängt</em> ihn.</b><br/>One player throws the ball and the other player catches it.<br/><br/><b>Er fing einen Hasen.</b><br/>He trapped a hare.<br/><br/><b>Er <em>hat</em> den Fisch <em>gefangen</em>.</b><br/>He has caught the fish.
fechten<br/>{{c1::ficht}}<br/>{{c1::focht}}<br/>{{c1::hat gefochten}}	<b>Er <em>fechtet</em> jeden Mittwoch im Verein.</b><br/>He fences every Wednesday at the club.<br/><br/><b>Sie <em>focht</em> im letzten Jahr gegen viele Gegner.</b><br/>She fenced against many opponents last year.<br/><br/><b>Er <em>hat</em> im Turnier <em>gefochten</em>.</b><br/>He has fenced in the tournament.
finden<br/>{{c1::findet}}<br/>{{c1::fand}}<br/>{{c1::hat gefunden}}	<b>Er <em>findet</em>, wir sollten Urlaub machen.</b><br/>He thinks we should go on holiday.<br/><br/><b>Sie <em>fand</em> gestern einen verlorenen Schlüssel.</b><br/>She found a lost key yesterday.<br/><br/><b>Er <em>hat</em> das Buch <em>gefunden</em>.</b><br/>He has found the book.
fliegen<br/>{{c1::fliegt}}<br/>{{c1::flog}}<br/>{{c1::ist/hat geflogen}}	<b>Er <em>fliegt</em> jeden Sommer nach Italien.</b><br/>He flies to Italy every summer.<br/><br/><b>Der Vogel <em>flog</em> zurück zu seinem Nest.</b><br/>The bird flew back to its nest.<br/><br/><b>Der junge Pilot <em>ist</em> das erste Mal einen Airbus <em>geflogen</em>.</b><br/>The young pilot flew an Airbus for the first time.<br/><br/><b>Im letzten Sommer bin <em>ich</em> das erste Mal in meinem Leben <em>geflogen</em>.</b><br/>Last summer I flew for the first time in my life.
fliehen<br/>{{c1::flieht}}<br/>{{c1::floh}}<br/>{{c1::ist geflohen}}	<b>Er <em>flieht</em> vor dem Sturm in das Haus.</b><br/>He flees into the house from the storm.<br/><br/><b>Sie <em>floh</em> letzte Woche aus der gefährlichen Situation.</b><br/>She fled from the dangerous situation last week.<br/><br/><b>Er <em>ist</em> vor den Gefahren <em>geflogen</em>.</b><br/>He has fled from the dangers.
fließen<br/>{{c1::fließt}}<br/>{{c1::floss}}<br/>{{c1::ist geflossen}}	<b>Das Wasser <em>fließt</em> schnell den Bach hinunter.</b><br/>The water flows quickly down the stream.<br/><br/><b>Der Fluss <em>floß</em> letztes Jahr über die Ufer.</b><br/>The river flowed over its banks last year.<br/><br/><b>Das Wasser <em>ist</em> im Sommer <em>geflossen</em>.</b><br/>The water has flowed in the summer.
fressen<br/>{{c1::frisst}}<br/>{{c1::fraß}}<br/>{{c1::hat gefressen}}	<b>Der Hund <em>frisst</em> sein Futter schnell.</b><br/>The dog eats its food quickly.<br/><br/><b>Die Katze <em>fraß</em> gestern einen Fisch.</b><br/>The cat ate a fish yesterday.<br/><br/><b>Der Bär <em>hat</em> die Beeren <em>gefressen</em>.</b><br/>The bear has eaten the berries.
frieren<br/>{{c1::friert}}<br/>{{c1::fror}}<br/>{{c1::hat gefroren}}	<b>Der Wasserfall <em>friert</em> im Winter zu.</b><br/>The waterfall freezes over in winter.<br/><br/><b>Der See <em>fror</em> letzte Nacht vollständig zu.</b><br/>The lake froze completely last night.<br/><br/><b>Im Winter war es sehr kalt. Wir <em>haben</em> wochenlang <em>gefroren</em>.</b><br/>It was very cold in winter. We were freezing for weeks.<br/><br/><b>Draußen ist es sehr kalt. Das Wasser ist auch schon <em>gefroren</em>.</b><br/>It's very cold outside. The water is already frozen.
gären<br/>{{c1::gärt}}<br/>{{c1::gor (gärte)}}<br/>{{c1::ist gegoren (gegärt)}}	<b>Der Most <em>gärt</em> im Fass.</b><br/>The must is fermenting in the barrel.<br/><br/><b>Der Wein <em>gärte</em> mehrere Jahre lang in Fässern.</b><br/>The wine fermented in casks for several years.<br/><br/><b>Der Most <em>hat</em> im Fass <em>gegärt</em>.</b><br/>The must has fermented in the barrel.
gebären<br/>{{c1::gebärt (gebiert)}}<br/>{{c1::gebar}}<br/>{{c1::hat geboren}}	<b>Die Frau <em>gebärt</em> ein Kind.</b><br/>The woman is giving birth to a child.<br/><br/><b>Die Frau gebar ein kleines Mädchen.</b><br/>The woman gave birth to a baby girl.<br/><br/><b>Die Frau <em>hat</em> ein gesundes Kind <em>gebar</em>.</b><br/>The woman has given birth to a healthy child.
geben<br/>{{c1::gibt}}<br/>{{c1::gab}}<br/>{{c1::hat gegeben}}	<b>Er <em>gibt</em> ihr ein Geschenk.</b><br/>He gives her a gift.<br/><br/><b>Er <em>gab</em> der Schaukel einen festen Schubs.</b><br/>He gave the swing a hard push.<br/><br/><b>Die Natur <em>hat</em> den Menschen die Vernunft <em>gegeben</em>.</b><br/>Nature has endowed human beings with reason.
gedeihen<br/>{{c1::gedeiht}}<br/>{{c1::gedieh}}<br/>{{c1::ist gediehen}}	<b>Diese Pflanze <em>gedeiht</em> im feuchtheißen Klima.</b><br/>This plant thrives in hot and humid climates.
gehen<br/>{{c1::geht}}<br/>{{c1::ging}}<br/>{{c1::ist gegangen}}	<b>Er <em>geht</em> jeden Morgen joggen.</b><br/>He goes jogging every morning.<br/><br/><b>Am Wochenende <em>sind</em> wir zu Fuß von Bonn nach Köln <em>gegangen</em>.</b><br/>At the weekend we walked from Bonn to Cologne.
gelingen<br/>{{c1::gelingt}}<br/>{{c1::gelang}}<br/>{{c1::ist gelungen}}	<b>Der Zaubertrick <em>gelingt</em> ihm jedes Mal.</b><br/>He succeeds in the magic trick every time.<br/><br/><b>Es <em>gelang</em> mir, einen Platz an der Kunstschule zu erhalten.</b><br/>I succeeded in getting a place at art school.<br/><br/><b>Es <em>ist</em> mir leider nicht <em>gelungen</em>, meine Freundin umzustimmen.</b><br/>Unfortunately, I wasn't able to change my girlfriend's mind.
gelten<br/>{{c1::gilt}}<br/>{{c1::galt}}<br/>{{c1::hat gegolten}}	<b>Die Regeln gelten für alle gleich.</b><br/>The rules apply equally to all.<br/><br/><b>Der neue Film <em>galt</em> bei den Kritikern als Meisterwerk.</b><br/>The new movie was regarded as a masterpiece by the critics.<br/><br/><b>Die Einladung <em>hat</em> ihm immer <em>gegolten</em>, auch wenn er nicht kam.</b><br/>The invitation has always applied to him, even if he didn't come.
genesen<br/>{{c1::genest}}<br/>{{c1::genas}}<br/>{{c1::ist genesen}}	<b>Er <em>genest</em> schnell von seiner Erkältung.</b><br/>He recovers quickly from his cold.<br/><br/><b>Er <em>genas</em> nach einer Woche vollständiger Ruhe.</b><br/>He recovered after a week of complete rest.<br/><br/><b>Er <em>ist</em> nach der Behandlung endlich <em>genesen</em>.</b><br/>He has finally recovered after the treatment.
genießen<br/>{{c1::genießt}}<br/>{{c1::genoss}}<br/>{{c1::hat genossen}}	<b>Er <em>genießt</em> den Sonnenuntergang am Strand.</b><br/>He enjoys the sunset at the beach.<br/><br/><b>Er <em>genoss</em> die frische Luft während des Spaziergangs.</b><br/>He enjoyed the fresh air during the walk.<br/><br/><b>Er <em>hat</em> das Konzert in vollen Zügen <em>genossen</em>.</b><br/>He has enjoyed the concert to the fullest.
geraten<br/>{{c1::gerät}}<br/>{{c1::geriet}}<br/>{{c1::ist geraten}}	<b>Er <em>gerät</em> oft in Schwierigkeiten, wenn er unvorsichtig ist.</b><br/>He often gets into trouble when he is careless.<br/><br/><b>Er <em>geriet</em> in eine unerwartete Diskussion während des Meetings.</b><br/>He got into an unexpected discussion during the meeting.<br/><br/><b>Er <em>ist</em> nie in eine solche Situation <em>geraten</em> wie heute.</b><br/>He has never gotten into such a situation as today.
geschehen<br/>{{c1::geschieht}}<br/>{{c1::geschah}}<br/>{{c1::ist geschehen}}	<b>Ich werde warten und sehen, was <em>geschieht</em>.</b><br/>I will wait and see what happens.<br/><br/><b>Es <em>geschah</em> während eines Sturms, dass die Straße gesperrt wurde.</b><br/>It happened during a storm that the road was closed.<br/><br/><b>Am Mittwoch <em>sind</em> in der Fabrik gleich mehrere Unfälle <em>geschehen</em>.</b><br/>Several accidents occurred in the factory on Wednesday.<br/><br/><b>Es <em>ist</em> noch nie so etwas Seltsames <em>geschehen</em>.</b><br/>Such a strange thing has never happened before.
gewinnen<br/>{{c1::gewinnt}}<br/>{{c1::gewann}}<br/>{{c1::hat gewonnen}}	<b>Er <em>gewinnt</em> oft Preise bei Wettbewerben.</b><br/>He often wins prizes in competitions.<br/><br/><b>Sie <em>gewann</em> das Rennen nach einem harten Wettkampf.</b><br/>She won the race after a tough competition.<br/><br/><b>Er <em>hat</em> eine wertvolle Erfahrung <em>gewonnen</em> durch die Teilnahme an dem Projekt.</b><br/>He has gained valuable experience by participating in the project.
gießen<br/>{{c1::giesst}}<br/>{{c1::goss}}<br/>{{c1::hat gegossen}}	<b>Sie <em>gießt</em> die Blumen jeden Morgen.</b><br/>She waters the flowers every morning.<br/><br/><b>Sie <em>goss</em> den Boden mit frischem Wasser.</b><br/>She poured fresh water onto the ground.<br/><br/><b>Er <em>hat</em> die Suppe auf die Teller <em>gegossen</em>.</b><br/>He has poured the soup into the bowls.<br/><br/><b>Die Statue war in Bronze <em>gegossen</em>.</b><br/>The statue was cast in bronze.
gleichen<br/>{{c1::gleicht}}<br/>{{c1::glich}}<br/>{{c1::hat geglichen}}	<b>Ihr Gesicht <em>gleicht</em> dem ihrer Mutter.</b><br/>Her face resembles that of her mother.<br/><br/><b>Das Wetter <em>glich</em> dem des letzten Jahres.</b><br/>The weather resembled that of last year.<br/><br/><b>Ihr neues Buch <em>hat</em> einen Stil, der dem letzten <em>geglichen</em> ist.</b><br/>Her new book has a style that resembles the last one.<br/><br/><b>Die zwei Bewerber <em>gleichen sich</em> in ihren Qualifikationen.</b><br/>The two applicants equal one another in their qualifications.
gleiten<br/>{{c1::gleitet}}<br/>{{c1::glitt}}<br/>{{c1::ist geglitten}}	<b>Sie <em>gleitet</em> elegant über das Eis.</b><br/>She glides elegantly over the ice.<br/><br/><b>Der Gleiter <em>glitt</em> durch die Wolken.</b><br/>The glider glided through the clouds.<br/><br/><b>Das Schiff <em>ist</em> leise über den See <em>geglitten</em>.</b><br/>The ship has glided quietly across the lake.
glimmen<br/>{{c1::glimmt}}<br/>{{c1::glomm (glimmte)}}<br/>{{c1::hat geglommen (geglimmt)}}	<b>Die Kohlen <em>glimmen</em> noch nach dem Grillen.</b><br/>The coals are still glowing after the barbecue.<br/><br/><b>Der letzte Rest der Kerze <em>glomm</em> schwach im Dunkeln.</b><br/>The last bit of the candle glowed faintly in the dark.<br/><br/><b>Die Glut <em>hat</em> bis zum Morgen <em>geglommen</em>.</b><br/>The embers have glowed until morning.
graben<br/>{{c1::gräbt}}<br/>{{c1::grub}}<br/>{{c1::hat gegraben}}	<b>Er <em>gräbt</em> ein Loch im Garten für die neuen Pflanzen.</b><br/>He is digging a hole in the garden for the new plants.<br/><br/><b>Er <em>grub</em> den ganzen Tag, um die Fundamente zu legen.</b><br/>He dug all day to lay the foundations.<br/><br/><b>Er <em>hat</em> einen Schatz im Sand <em>gegraben</em>.</b><br/>He has dug up a treasure in the sand.
greifen<br/>{{c1::greift}}<br/>{{c1::griff}}<br/>{{c1::hat gegriffen}}	<b>Sie <em>greift</em> nach ihrem Handy, um die Nachricht zu lesen.</b><br/>She reaches for her phone to read the message.<br/><br/><b>Ich <em>griff</em> das Seil und zog mich hoch.</b><br/>I grabbed the rope and pulled myself up.<br/><br/><b>Er <em>hat</em> die Chance <em>gegriffen</em>, um seine Träume zu verwirklichen.</b><br/>He has seized the opportunity to realize his dreams.
haben<br/>{{c1::hat}}<br/>{{c1::hatte}}<br/>{{c1::hat gehabt}}	<b>Sie hat schöne Augen.</b><br/>She has beautiful eyes.<br/><br/><b>Ich hatte keine Zeit dafür.</b><br/>I didn't find the time for it.<br/><br/><b>Sie <em>hat</em> die Möglichkeit <em>gehabt</em>, im Ausland zu studieren.</b><br/>She has had the opportunity to study abroad.
halten<br/>{{c1::hält}}<br/>{{c1::hielt}}<br/>{{c1::hat gehalten}}	<b>Sie <em>hält</em> den Rekord im Langstreckenlauf.</b><br/>She holds the record in long-distance running.<br/><br/><b>Ich hielt die Hand meines Sohnes, um die Straße zu überqueren.</b><br/>I held my son's hand to cross the road.<br/><br/><b>Er <em>hat</em> sein Versprechen <em>gehalten</em>.</b><br/>He has kept his promise.<br/><br/><b>Sie <em>hat</em> immer an ihren Träumen <em>festgehalten</em>.</b><br/>She has always held on to her dreams.
hängen<br/>{{c1::hängt}}<br/>{{c1::hing}}<br/>{{c1::hat gehangen}}	<b>Er <em>hängt</em> das Bild an die Wand.</b><br/>He hangs the picture on the wall.<br/><br/><b>Sie <em>hing</em> traurig am Fenster und sah hinaus.</b><br/>She hung sadly by the window and looked outside.<br/><br/><b>Er <em>hat</em> die Ergebnisse in seinem Büro <em>gehängt</em>.</b><br/>He has hung the results in his office.
hauen<br/>{{c1::haut}}<br/>{{c1::haute/hieb}}<br/>{{c1::hat gehauen}}	<b>Er <em>haut</em> mit dem Hammer auf den Nagel.</b><br/>He hits the nail with the hammer.<br/><br/><b>Er <em>haute</em> mit voller Kraft zu und traf das Ziel.</b><br/>He struck with full force and hit the target.<br/><br/><b>Sie <em>hat</em> das Brot in gleichmäßige Stücke <em>gehauen</em>.</b><br/>She has cut the bread into even pieces.<br/><br/><b>Er <em>haut</em> oft Witze, um die Stimmung aufzulockern.</b><br/>He often cracks jokes to lighten the mood.
heben<br/>{{c1::hebt}}<br/>{{c1::hob}}<br/>{{c1::hat gehoben}}	<b>Er <em>hebt</em> die schwere Kiste mit Leichtigkeit.</b><br/>He lifts the heavy box with ease.<br/><br/><b>Sie <em>hob</em> den Blick, um den Sonnenuntergang zu sehen.</b><br/>She raised her gaze to see the sunset.<br/><br/><b>Er <em>hat</em> den Preis für das beste Projekt <em>gehoben</em>.</b><br/>He has raised the award for the best project.<br/><br/><b>Er <em>hob</em> das Glas, um auf die Gesundheit seiner Freunde anzustoßen.</b><br/>He raised his glass to toast to the health of his friends.<br/><br/><b>Er <em>hat</em> die Erwartungen an sich selbst <em>gehoben</em>.</b><br/>He has raised his expectations of himself.
heißen<br/>{{c1::heisst}}<br/>{{c1::hiess}}<br/>{{c1::hat geheissen}}	<b>Er <em>heißt</em> Max und kommt aus Berlin.</b><br/>His name is Max and he comes from Berlin.<br/><br/><b>Sie <em>hieß</em> die Gäste herzlich willkommen.</b><br/>She welcomed the guests warmly.<br/><br/><b>Sein Spitzname <em>hat</em> sich im Laufe der Jahre <em>geändert</em>.</b><br/>His nickname has changed over the years.
helfen<br/>{{c1::hilft}}<br/>{{c1::half}}<br/>{{c1::hat geholfen}}	<b>Er wird dir sicherlich <em>helfen</em>.</b><br/>He will certainly help you.<br/><br/><b>Er <em>hilft</em> seiner Schwester bei den Hausaufgaben.</b><br/>He helps his sister with her homework.<br/><br/><b>Sie <em>half</em> einem Freund, als er in Schwierigkeiten war.</b><br/>She helped a friend when he was in trouble.<br/><br/><b>Er <em>hat</em> den Nachbarn bei den Gartenarbeiten <em>geholfen</em>.</b><br/>He has helped the neighbor with the gardening.
kennen<br/>{{c1::kennt}}<br/>{{c1::kannte}}<br/>{{c1::hat gekannt}}	<b>Er <em>kennt</em> viele interessante Fakten über die Geschichte.</b><br/>He knows many interesting facts about history.<br/><br/><b>Sie <em>kannte</em> ihn schon seit ihrer Kindheit.</b><br/>She had known him since her childhood.<br/><br/><b>Er <em>hat</em> die neuesten Trends in der Mode <em>gekannt</em>. (Präteritum is prefered.)</b><br/>He has known the latest trends in fashion.<br/><br/><b>Die Mitarbeiter müssen die Sicherheitsregeln <em>kennen</em>.</b><br/>The employees have to be aware of the security rules.
klimmen<br/>{{c1::klimmt}}<br/>{{c1::klomm (klimmte)}}<br/>{{c1::ist geklommen (geklimmt)}}	<b>Er <em>klimmt</em> jeden Samstag auf den höchsten Berg in der Umgebung.</b><br/>He climbs the highest mountain in the area every Saturday.<br/><br/><b>Sie <em>klomm</em> schnell den Baum hinauf, um die Aussicht zu genießen.</b><br/>She climbed the tree quickly to enjoy the view.<br/><br/><b>Er <em>hat</em> im letzten Jahr viele Berge <em>geklommen</em>.</b><br/>He has climbed many mountains last year.
klingen<br/>{{c1::klingt}}<br/>{{c1::klang}}<br/>{{c1::hat geklungen}}	<b>Das <em>klingt</em> nach harter Arbeit.</b><br/>That sounds like hard work.<br/><br/><b>Er <em>klang</em> überrascht, als er das Ergebnis sah.</b><br/>He sounded surprised when he saw the result.<br/><br/><b>Es <em>hat</em> gut <em>geklungen</em>, als sie das Lied gesungen hat.</b><br/>It sounded good when she sang the song.
kneifen<br/>{{c1::kneift}}<br/>{{c1::kniff}}<br/>{{c1::hat gekniffen}}	<b>Ich war nicht sicher, ob ich träumte, also musste ich <em>mich kneifen</em>.</b><br/>I wasn't sure if I was dreaming so I had to pinch myself.<br/><br/><b>Er <em>kneift</em> die Augen zusammen, um besser zu sehen.</b><br/>He squints his eyes to see better.<br/><br/><b>Er <em>kniff</em> die Zähne zusammen, als er den Schmerz fühlte.</b><br/>He gritted his teeth when he felt the pain.<br/><br/><b>Er <em>hat</em> den Stoff zu fest <em>gekniffen</em>, sodass ein Loch entstanden ist.</b><br/>He pinched the fabric too tightly, creating a hole.
kommen<br/>{{c1::kommt}}<br/>{{c1::kam}}<br/>{{c1::ist gekommen}}	<b>Endlich wird es wärmer. Ich glaube, der Sommer <em>ist</em> endlich <em>gekommen</em>.</b><br/>It's finally getting warmer. I think summer has finally arrived.<br/><br/><b>Um wie viel Uhr <em>ist</em> der Bus gestern eigentlich <em>angekommen</em>?</b><br/>What time did the bus actually arrive yesterday?<br/><br/><b>Wir <em>sind</em> vom Weg <em>abgekommen</em> und haben uns im Wald verlaufen.</b><br/>We lost our way and got lost in the forest.
können<br/>{{c1::kann}}<br/>{{c1::konnte}}<br/>{{c1::hat gekonnt/können}}	<b>Meine Tochter <em>kann</em> bereits schwimmen.</b><br/>My daughter already knows how to swim.<br/><br/><b>Sie <em>konnte</em> die Prüfung ohne Schwierigkeiten bestehen.</b><br/>She was able to pass the exam without any difficulties.<br/><br/><b>Er <em>hat</em> nie wirklich <em>gekonnt</em>, gut zu zeichnen.</b><br/>He has never really been able to draw well.
kriechen<br/>{{c1::kriecht}}<br/>{{c1::kroch}}<br/>{{c1::ist gekrochen}}	<b>Unsere Katze <em>kriecht</em> unter das Sofa, wenn es draußen Lärm gibt.</b><br/>Our cat creeps under the sofa when there is noise outside.<br/><br/><b>Er <em>kroch</em> durch das Fenster, um in die Wohnung zu gelangen.</b><br/>He crawled through the window to get into the apartment.<br/><br/><b>Er <em>hat</em> sich unter das Bett <em>gekrochen</em>, um den Staub zu reinigen.</b><br/>He crawled under the bed to clean the dust.
laden<br/>{{c1::lädt}}<br/>{{c1::lud}}<br/>{{c1::hat geladen}}	<b>Er <em>lädt</em> die Kisten sorgfältig in den Transporter.</b><br/>He loads the boxes carefully into the van.<br/><br/><b>Sie <em>lud</em> die Musik auf ihren Computer, um sie zu hören.</b><br/>She loaded the music onto her computer to listen to it.<br/><br/><b>Er <em>hat</em> die Dateien erfolgreich <em>geladen</em>.</b><br/>He has successfully loaded the files.<br/><br/><b>Er <em>lädt</em> seine Freunde <em>ein</em>, um die Feier zu planen.</b><br/>He invites his friends over to plan the party.
lassen<br/>{{c1::lässt}}<br/>{{c1::liess}}<br/>{{c1::hat gelassen}}	<b>Er <em>lässt</em> seine Kinder viel draußen spielen.</b><br/>He lets his children play outside a lot.<br/><br/><b>Sie <em>ließ</em> das Fenster offen, um frische Luft hereinzulassen.</b><br/>She left the window open to let in fresh air.<br/><br/><b>Sie <em>hat</em> das Fenster die ganze Nacht offen <em>gelassen</em>.</b><br/>She left the window open all night.
laufen<br/>{{c1::läuft}}<br/>{{c1::lief}}<br/>{{c1::ist gelaufen}}	<b>Schon wieder <em>ist</em> das Mädchen auf die Straße <em>gelaufen</em>.</b><br/>The girl has run into the street again.<br/><br/><b>Als Kind <em>bin</em> ich die 100 Meter in 11 Sekunden <em>gelaufen</em>.</b><br/>As a child, I ran the 100 meters in 11 seconds.<br/><br/><b>Die Mädchen aus der 7c <em>sind von allen am schnellsten <em>gelaufen</em>.</b><br/>The girls from 7c ran the fastest of all.<br/><br/><b>Dieser Angsthase <em>ist</em> von uns <em>weggelaufen</em>.</b><br/>This coward ran away from us.<br/><br/><b>Die Wanderer <em>haben sich verlaufen</em>. Nun suchen sie den Weg zuruck.</b><br/>The hikers have lost their way. Now they are looking for the way back.
leiden<br/>{{c1::leidet}}<br/>{{c1::litt}}<br/>{{c1::hat gelitten}}	<b>Er <em>leidet</em> unter starken Rücken- und Nackenschmerzen.</b><br/>He suffers from severe back and neck pain.<br/><br/><b>Sie <em>litt</em> während der gesamten Prüfungszeit unter Stress.</b><br/>She suffered from stress throughout the exam period.<br/><br/><b>Er <em>hat</em> nicht nur körperlich <em>gelitten</em>, sondern auch emotional.</b><br/>He has suffered not only physically but also emotionally.
leihen<br/>{{c1::leiht}}<br/>{{c1::lieh}}<br/>{{c1::hat geliehen}}	<b>Er <em>leiht</em> seinem Freund immer die neuesten Bücher.</b><br/>He always lends his friend the latest books.<br/><br/><b>Sie <em>lieh</em> ihrem Nachbarn das Werkzeug für das Projekt.</b><br/>She lent her neighbor the tools for the project.<br/><br/><b>Er <em>hat</em> ihr bereits einmal sein Auto <em>geliehen</em>.</b><br/>He has already lent her his car once.
lesen<br/>{{c1::liest}}<br/>{{c1::las}}<br/>{{c1::hat gelesen}}	<b>Er <em>liest</em> jeden Abend vor dem Schlafengehen ein Buch.</b><br/>He reads a book every evening before going to bed.<br/><br/><b>Sie <em>las</em> die Nachricht und konnte es kaum glauben.</b><br/>She read the message and could hardly believe it.<br/><br/><b>Er <em>hat</em> den Artikel bereits dreimal <em>gelesen</em>.</b><br/>He has already read the article three times.
liegen<br/>{{c1::liegt}}<br/>{{c1::lag}}<br/>{{c1::hat gelegen}}	<b>Er <em>liegt</em> auf der Wiese und genießt die Sonne.</b><br/>He lies on the grass and enjoys the sun.<br/><br/><b>Sie <em>lag</em> den ganzen Tag im Bett, weil sie sich nicht wohl fühlte.</b><br/>She lay in bed all day because she didn't feel well.<br/><br/><b>Er <em>hat</em> das Buch auf dem Tisch <em>liegen</em> lassen.</b><br/>He has left the book lying on the table.
lügen<br/>{{c1::lügt}}<br/>{{c1::log}}<br/>{{c1::hat gelogen}}	<b>Er <em>lügt</em> oft, um sich aus schwierigen Situationen zu retten.</b><br/>He often lies to get himself out of difficult situations.<br/><br/><b>Sie <em>log</em> über ihre Erfahrung, um beeindruckend zu wirken.</b><br/>She lied about her experience to seem impressive.<br/><br/><b>Er <em>hat</em> nie <em>gelogen</em>, wenn es um seine Gefühle ging.</b><br/>He has never lied when it comes to his feelings.
mahlen<br/>{{c1::mahlt}}<br/>{{c1::mahlte}}<br/>{{c1::hat gemahlen}}	<b>Er <em>mahlt</em> die Kaffeebohnen frisch für seinen Morgenkaffee.</b><br/>He grinds the coffee beans fresh for his morning coffee.<br/><br/><b>Sie <em>mahlte</em> das Mehl für das Brot mit einer alten Mühle.</b><br/>She ground the flour for the bread with an old mill.<br/><br/><b>Er <em>hat</em> die Gewürze fein <em>gemahlen</em> für das besondere Gericht.</b><br/>He has finely ground the spices for the special dish.
meiden<br/>{{c1::meidet}}<br/>{{c1::mied}}<br/>{{c1::hat gemieden}}	<b>Er <em>meidet</em> Menschenmengen, weil er sich unwohl fühlt.</b><br/>He avoids crowds because he feels uncomfortable.<br/><br/><b>Sie <em>mied</em> den direkten Kontakt, um Missverständnisse zu vermeiden.</b><br/>She avoided direct contact to prevent misunderstandings.<br/><br/><b>Er <em>hat</em> immer ungesunde Snacks <em>gemieden</em>, um fit zu bleiben.</b><br/>He has always avoided unhealthy snacks to stay fit.
melken<br/>{{c1::melkt}}<br/>{{c1::molk (melkte)}}<br/>{{c1::hat hat gemolken (gemelkt)}}	<b>Er <em>melkt</em> die Kühe jeden Morgen früh.</b><br/>He milks the cows every morning early.<br/><br/><b>Sie <em>molk</em> die Ziegen, um frische Milch für den Käse zu bekommen.</b><br/>She milked the goats to get fresh milk for the cheese.<br/><br/><b>Er <em>hat</em> in seiner Kindheit oft die Kühe <em>gemolken</em>.</b><br/>He often milked the cows in his childhood.
messen<br/>{{c1::misst}}<br/>{{c1::mass}}<br/>{{c1::hat gemessen}}	<b>Er <em>misst</em> die Temperatur des Wassers mit einem Thermometer.</b><br/>He measures the temperature of the water with a thermometer.<br/><br/><b>Sie <em>maß</em> die Länge des Raumes, um die Möbel richtig anzuordnen.</b><br/>She measured the length of the room to arrange the furniture properly.<br/><br/><b>Er <em>hat</em> die Zutaten genau <em>gemessen</em>, um das Rezept perfekt hinzubekommen.</b><br/>He has measured the ingredients precisely to get the recipe just right.
misslingen<br/>{{c1::misslingt}}<br/>{{c1::misslang}}<br/>{{c1::ist misslungen}}	<b>Er <em>misslingt</em> oft, wenn er versucht, das komplizierte Rezept nachzukochen.</b><br/>He often fails when trying to replicate the complicated recipe.<br/><br/><b>Sie <em>misslang</em> das Experiment, weil sie die Anleitung nicht befolgte.</b><br/>The experiment failed because she didn't follow the instructions.<br/><br/><b>Er <em>ist</em> enttäuscht, weil sein Plan <em>misslungen</em> ist.</b><br/>He is disappointed because his plan has failed.<br/><br/><b>Ist der Kuchen dem Bäckerlehrling schon wieder misslungen?</b><br/>Has the apprentice baker's cake failed again?
mögen<br/>{{c1::mag}}<br/>{{c1::mochte}}<br/>{{c1::hat gemocht/mögen}}	<b>Er <em>mag</em> Schokolade über alles und kann nie genug davon bekommen.</b><br/>He loves chocolate above all and can never get enough of it.<br/><br/><b>Sie <em>mochte</em> es schon immer, im Freien zu lesen.</b><br/>She always liked reading outdoors.<br/><br/><b>Er <em>hat</em> die neue Musik wirklich <em>gemocht</em> und hört sie ständig.</b><br/>He really liked the new music and listens to it constantly.
müssen<br/>{{c1::muss}}<br/>{{c1::musste}}<br/>{{c1::hat gemusst/müssen}}	<b>Er <em>muss</em> seine Hausaufgaben rechtzeitig abgeben.</b><br/>He must submit his homework on time.<br/><br/><b>Sie <em>musste</em> den Arzt aufsuchen, weil sie sich nicht wohl fühlte.</b><br/>She had to see the doctor because she wasn't feeling well.<br/><br/><b>Er <em>hat</em> sein Zimmer aufräumen <em>müssen</em>, bevor er ausgehen durfte.</b><br/>He had to clean his room before he was allowed to go out.
nehmen<br/>{{c1::nimmt}}<br/>{{c1::nahm}}<br/>{{c1::hat genommen}}	<b>Er <em>nimmt</em> jeden Morgen den Bus zur Arbeit.</b><br/>He takes the bus to work every morning.<br/><br/><b>Sie <em>nahm</em> sich vor, gesünder zu essen und mehr zu bewegen.</b><br/>She resolved to eat healthier and exercise more.<br/><br/><b>Er <em>hat</em> das letzte Stück Kuchen <em>genommen</em>, weil es sein Favorit ist.</b><br/>He took the last piece of cake because it's his favorite.
nennen<br/>{{c1::nennt}}<br/>{{c1::nannte}}<br/>{{c1::hat genannt}}	<b>Er <em>nennt</em> seinen Hund Max, weil es ein kurzer und einfacher Name ist.</b><br/>He calls his dog Max because it's a short and simple name.<br/><br/><b>Sie <em>nannte</em> ihr neues Buch „Die Geheimnisse des Waldes“.</b><br/>She named her new book "The Secrets of the Forest."<br/><br/><b>Er <em>hat</em> die Stadt nach seiner Großmutter <em>benannt</em>.</b><br/>He named the city after his grandmother.
pfeifen<br/>{{c1::pfeift}}<br/>{{c1::pfiff}}<br/>{{c1::hat gepfiffen}}	<b>Er <em>pfeift</em> fröhlich, während er im Park spazieren geht.</b><br/>He whistles cheerfully while walking in the park.<br/><br/><b>Sie <em>pfiff</em> eine melodiöse Melodie, die die anderen ansprach.</b><br/>She whistled a melodic tune that resonated with others.<br/><br/><b>Er <em>hat</em> auf die anderen gewartet und dabei <em>gepfiffen</em>.</b><br/>He waited for the others while whistling.
preisen<br/>{{c1::preist}}<br/>{{c1::pries}}<br/>{{c1::hat gepriesen}}	<b>Er <em>preist</em> die Schönheit der Natur in seinen Gedichten.</b><br/>He praises the beauty of nature in his poems.<br/><br/><b>Sie <em>pries</em> die Leistungen ihrer Mitarbeiter während der Besprechung.</b><br/>She praised the achievements of her employees during the meeting.<br/><br/><b>Er <em>hat</em> das neue Restaurant <em>gepriesen</em> und viele Freunde dorthin eingeladen.</b><br/>He praised the new restaurant and invited many friends there.
quellen<br/>{{c1::quillt}}<br/>{{c1::quoll}}<br/>{{c1::ist gequollen}}	<b>In den Bergen <em>quillt</em> an vielen Stellen Wasser aus der Erde.</b><br/>In the mountains, water wells out of the earth in many spots.<br/><br/><b>Er <em>quoll</em> vor Zorn, als er die Ungerechtigkeit sah.</b><br/>He swelled with anger when he saw the injustice.<br/><br/><b>Sie <em>hat</em> beim Anblick der überraschenden Ergebnisse <em>gequollen</em> vor Aufregung.</b><br/>She swelled with excitement at the sight of the surprising results.
raten<br/>{{c1::rät}}<br/>{{c1::riet}}<br/>{{c1::hat geraten}}	<b>Sie <em>rät</em> immer dazu, viel Wasser zu trinken, um gesund zu bleiben.</b><br/>She always advises to drink plenty of water to stay healthy.<br/><br/><b>Der Reporter <em>riet</em> der Bevölkerung, sich auf den Sturm vorzubereiten</b><br/>The reporter advised the public to prepare for the storm.<br/><br/><b>Er <em>hat</em> ihr <em>geraten</em>, sich für das Stipendium zu bewerben.</b><br/>He advised her to apply for the scholarship.
reiben<br/>{{c1::reibt}}<br/>{{c1::rieb}}<br/>{{c1::hat gerieben}}	<b>Er <em>reibt</em> die Karotten für den Salat mit einer Reibe.</b><br/>He grates the carrots for the salad using a grater.<br/><br/><b>Sie <em>riß</em> den alten Brief auf, um den Inhalt zu lesen.</b><br/>She ripped open the old letter to read its contents.<br/><br/><b>Er <em>hat</em> die Wunden vorsichtig <em>gerieben</em>, um die Heilung zu fördern.</b><br/>He gently rubbed the wounds to promote healing.
reißen<br/>{{c1::reisst}}<br/>{{c1::riss}}<br/>{{c1::ist/hat gerissen}}	<b>Er <em>reißt</em> das Papier in zwei Hälften, um es einfacher zu entsorgen.</b><br/>He tears the paper in half to make it easier to dispose of.<br/><br/><b>Sie <em>riss</em> den alten Kalender von der Wand, um Platz für einen neuen zu schaffen.</b><br/>She ripped the old calendar off the wall to make room for a new one.<br/><br/><b>Er <em>hat</em> das Seil <em>gerissen</em>, als er zu fest zog.</b><br/>He tore the rope when he pulled too hard.<br/><br/><b>Sie <em>reißt</em> oft die Verpackung auf, um an den Inhalt zu gelangen.</b><br/>She often tears open the packaging to get to the contents.<br/><br/><b>Er <em>riss</em> den Briefumschlag auf, um den wichtigen Brief zu lesen.</b><br/>He ripped open the envelope to read the important letter.<br/><br/><b>Sie <em>hat</em> das Bild <em>gerissen</em>, als sie es von der Wand nahm.</b><br/>She tore the picture when she took it off the wall.
reiten<br/>{{c1::reitet}}<br/>{{c1::ritt}}<br/>{{c1::ist geritten}}	<b>Er <em>reitet</em> jeden Sonntag auf seinem Lieblingspferd in den Wald.</b><br/>He rides his favorite horse into the woods every Sunday.<br/><br/><b>Sie <em>ritt</em> früher oft im Wettbewerb und gewann viele Preise.</b><br/>She often rode in competitions and won many prizes in the past.<br/><br/><b>Er <em>hat</em> auf dem neuen Pferd <em>geritten</em> und war begeistert von seiner Schnelligkeit.</b><br/>He rode the new horse and was thrilled by its speed.
rennen<br/>{{c1::rennt}}<br/>{{c1::rannte}}<br/>{{c1::ist gerannt}}	<b>Er <em>rennt</em> jeden Morgen im Park, um fit zu bleiben.</b><br/>He runs in the park every morning to stay fit.<br/><br/><b>Sie <em>rannte</em> schnell, als sie den Bus verpassen wollte.</b><br/>She ran quickly when she saw she might miss the bus.<br/><br/><b>Er <em>hat</em> bei dem Wettlauf <em>gerannt</em> und den ersten Platz gewonnen.</b><br/>He ran in the race and won first place.<br/><br/><b>Unsere Kinder <em>sind</em> gestern studenlang durch den Wald <em>gerannt</em>.</b><br/>Our children ran through the forest for hours yesterday.
riechen<br/>{{c1::riecht}}<br/>{{c1::roch}}<br/>{{c1::hat gerochen}}	<b>Er <em>riecht</em> den köstlichen Duft frisch gebackenen Brotes aus der Bäckerei.</b><br/>He smells the delicious scent of freshly baked bread from the bakery.<br/><br/><b>Sie <em>roch</em> die Blumen im Garten und genoss den angenehmen Duft.</b><br/>She smelled the flowers in the garden and enjoyed their pleasant fragrance.<br/><br/><b>Er <em>hat</em> das Parfüm <em>gerochen</em> und fand es sehr angenehm.</b><br/>He smelled the perfume and found it very pleasant.
ringen<br/>{{c1::ringt}}<br/>{{c1::rang}}<br/>{{c1::hat gerungen}}	<b>Er <em>ringt</em> mit seinem Freund im Fitnessstudio, um seine Technik zu verbessern.</b><br/>He wrestles with his friend at the gym to improve his technique.<br/><br/><b>Sie <em>rang</em> während des Wettkampfs hart um den ersten Platz.</b><br/>She wrestled hard during the competition for first place.<br/><br/><b>Er <em>hat</em> im Jugendverein <em>gerungen</em> und viel über Teamarbeit gelernt.</b><br/>He wrestled in the youth club and learned a lot about teamwork.
rinnen<br/>{{c1::rinnt}}<br/>{{c1::rann}}<br/>{{c1::ist geronnen}}	<b>Das Wasser <em>rinnt</em> langsam den Abfluss hinunter.</b><br/>The water flows slowly down the drain.<br/><br/><b>Sie <em>rann</em> über ihre Wangen, als sie die rührende Geschichte hörte.</b><br/>Tears flowed down her cheeks as she listened to the touching story.<br/><br/><b>Er <em>hat</em> den Sand durch seine Finger <em>gerinnen</em> lassen, während er am Strand sitzt.</b><br/>He let the sand run through his fingers while sitting on the beach.
rufen<br/>{{c1::ruft}}<br/>{{c1::rief}}<br/>{{c1::hat gerufen}}	<b>Er <em>ruft</em> jeden Abend seine Familie, um nach ihrem Tag zu fragen.</b><br/>He calls his family every evening to ask about their day.<br/><br/><b>Sie <em>rief</em> laut, als sie ihren Freund im Park entdeckte.</b><br/>She shouted loudly when she spotted her friend in the park.<br/><br/><b>Er <em>hat</em> die Nachbarn <em>gerufen</em>, um bei der Gartenarbeit zu helfen.</b><br/>He called the neighbors to help with the gardening.
salzen<br/>{{c1::salzt}}<br/>{{c1::salzte}}<br/>{{c1::hat gesalzen (gesalzt)}}	<b>Er <em>salzt</em> das Gemüse, um den Geschmack zu verstärken.</b><br/>He salts the vegetables to enhance the flavor.<br/><br/><b>Sie <em>salzte</em> das Wasser, bevor sie die Pasta hinzufügte.</b><br/>She salted the water before adding the pasta.<br/><br/><b>Er <em>hat</em> die Suppe <em>gesalzen</em>, um sie würziger zu machen.</b><br/>He salted the soup to make it spicier.
saufen<br/>{{c1::säuft}}<br/>{{c1::soff}}<br/>{{c1::hat gesoffen}}	<b>Er <em>sauft</em> gerne Bier, wenn er mit Freunden feiert.</b><br/>He enjoys drinking beer when he celebrates with friends.<br/><br/><b>Sie <em>suff</em> während der Party zu viel Wein und musste sich später ausruhen.</b><br/>She drank too much wine during the party and had to rest later.<br/><br/><b>Er <em>hat</em> an dem Abend zu viel <em>gesoffen</em> und kann sich nicht mehr an alles erinnern.</b><br/>He drank too much that evening and can’t remember everything.
saugen<br/>{{c1::saugt}}<br/>{{c1::sog}}<br/>{{c1::hat gesogen}}	<b>Er <em>saugt</em> den Staub mit dem neuen Staubsauger in der ganzen Wohnung auf.</b><br/>He vacuums the dust with the new vacuum cleaner throughout the apartment.<br/><br/><b>Sie <em>sog</em> das Wasser mit einem Strohhalm aus ihrem Getränk.</b><br/>She sucked the water through a straw from her drink.<br/><br/><b>Er <em>hat</em> die Feuchtigkeit aus dem Teppich <em>gesogen</em>, nachdem die Katze einen Unfall hatte.</b><br/>He sucked the moisture out of the carpet after the cat had an accident.
schaffen<br/>{{c1::schafft}}<br/>{{c1::schuf}}<br/>{{c1::hat geschaffen}}	<b>Er <em>schafft</em> es immer, seine Ziele rechtzeitig zu erreichen.</b><br/>He always manages to achieve his goals on time.<br/><br/><b>Sie <em>schuf</em> ein wunderschönes Gemälde, das alle bewunderten.</b><br/>She created a beautiful painting that everyone admired.<br/><br/><b>Er <em>hat</em> die Herausforderung <em>geschafft</em>, obwohl es schwierig war.</b><br/>He managed to overcome the challenge, even though it was difficult.
scheiden<br/>{{c1::scheidet}}<br/>{{c1::schied}}<br/>{{c1::hat geschieden}}	<b>Er <em>scheidet</em> die verschiedenen Materialien für das Recycling.</b><br/>He separates the different materials for recycling.<br/><br/><b>Sie <em>schied</em> im letzten Moment, um einen Streit zu vermeiden.</b><br/>She withdrew at the last moment to avoid a conflict.<br/><br/><b>Er <em>hat</em> die Freundschaft <em>geschieden</em>, nachdem sie sich oft gestritten hatten.</b><br/>He ended the friendship after they had fought often.
scheinen<br/>{{c1::scheint}}<br/>{{c1::schien}}<br/>{{c1::hat geschienen}}	<b>Die Sonne <em>scheint</em> heute besonders hell am Himmel.</b><br/>The sun shines especially brightly in the sky today.<br/><br/><b>Er <em>schien</em> sehr glücklich, als er die gute Nachricht erhielt.</b><br/>He seemed very happy when he received the good news.<br/><br/><b>Sie <em>hat</em> immer <em>geschienen</em>, als wüsste sie alles.</b><br/>She always seemed to know everything.
schelten<br/>{{c1::schilt}}<br/>{{c1::schalt}}<br/>{{c1::hat gescholten}}	<b>Er <em>schelt</em> seine Kinder oft, wenn sie unhöflich sind.</b><br/>He often scolds his children when they are rude.<br/><br/><b>Sie <em>schalt</em> ihn laut, weil er zu spät gekommen war.</b><br/>She scolded him loudly for arriving late.<br/><br/><b>Er <em>hat</em> seinen Hund <em>gescholten</em>, als er den Teppich beschädigte.</b><br/>He scolded his dog when it damaged the carpet.
scheren<br/>{{c1::schert}}<br/>{{c1::schor}}<br/>{{c1::hat geschoren}}	<b>Er <em>schert</em> seine Schafe jeden Frühling, um das Wolle zu ernten.</b><br/>He shears his sheep every spring to harvest the wool.<br/><br/><b>Sie <em>schor</em> ihre Haare kurz, um einen neuen Look auszuprobieren.</b><br/>She sheared her hair short to try out a new look.<br/><br/><b>Er <em>hat</em> das alte Holz <em>geschert</em>, um Platz für das neue Möbel zu schaffen.</b><br/>He sheared the old wood to make room for the new furniture.
schieben<br/>{{c1::schiebt}}<br/>{{c1::schob}}<br/>{{c1::hat geschoben}}	<b>Er <em>schiebt</em> den schweren Tisch in die Ecke des Raumes.</b><br/>He pushes the heavy table into the corner of the room.<br/><br/><b>Sie <em>schob</em> die Bücher auf das Regal, um mehr Platz auf dem Tisch zu schaffen.</b><br/>She pushed the books onto the shelf to create more space on the table.<br/><br/><b>Er <em>hat</em> den Wagen <em>geschoben</em>, als der Motor ausfiel.</b><br/>He pushed the car when the engine broke down.
schießen<br/>{{c1::schiesst}}<br/>{{c1::schoss}}<br/>{{c1::hat geschossen}}	<b>Er <em>schießt</em> mit dem Bogen auf das Ziel im Garten.</b><br/>He shoots with the bow at the target in the garden.<br/><br/><b>Sie <em>schoss</em> den Ball mit voller Kraft über das Feld.</b><br/>She kicked the ball with full force across the field.<br/><br/><b>Er <em>hat</em> das Foto <em>geschossen</em>, als die Sonne unterging.</b><br/>He took the photo when the sun was setting.
schlafen<br/>{{c1::schläft}}<br/>{{c1::schlief}}<br/>{{c1::hat geschlafen}}	<b>Am Freitag <em>ist</em> mein jüngester Sohn erst um Mitternacht <em>eingeschlafen</em>.</b><br/>On Friday, my youngest son didn't fall asleep until midnight.<br/><br/><b>Letzte Nacht <em>habe</em> ich wie ein toter <em>geschlafen</em>.</b><br/>Last night I slept like a dead man.<br/><br/><b>Das Baby <em>ist</em> bereits nach kurzer Zeit <em>eingeschlafen</em>.</b><br/>The baby fell asleep after a short time.<br/><br/><b>Endlich <em>hat sich</em> mein Mann nach der anstrengenden Arbei <em>ausgeschlafen</em>.</b><br/>My husband has finally had a good night's sleep after a hard day's work.<br/><br/><b>Unser neuer Mitarbeiter <em>hat sic</em> schon wieder <em>verschlafen</em>.</b><br/>Our new employee has overslept again.
schlagen<br/>{{c1::schlägt}}<br/>{{c1::schlug}}<br/>{{c1::hat geschlagen}}	<b>Er <em>schlägt</em> den Ball mit voller Kraft über das Netz.</b><br/>He hits the ball with full force over the net.<br/><br/><b>Sie <em>schlug</em> ihren Freund im Kartenspiel und gewann.</b><br/>She beat her friend in the card game and won.<br/><br/><b>Er <em>hat</em> den Rekord <em>geschlagen</em>, indem er die schnellste Zeit lief.</b><br/>He broke the record by running the fastest time.
schleichen<br/>{{c1::schleicht}}<br/>{{c1::schlich}}<br/>{{c1::ist geschlichen}}	<b>Er <em>schleicht</em> leise durch den Garten, um die Vögel nicht zu stören.</b><br/>He sneaks quietly through the garden to avoid disturbing the birds.<br/><br/><b>Sie <em>schlich</em> sich heimlich in die Küche, um einen Snack zu holen.</b><br/>She sneaked quietly into the kitchen to grab a snack.<br/><br/><b>Er <em>hat</em> sich <em>geschlichen</em>, um die Überraschung nicht zu verderben.</b><br/>He crept in to avoid ruining the surprise.
schleifen<br/>{{c1::schleift}}<br/>{{c1::schliff}}<br/>{{c1::hat geschliffen}}	<b>Er <em>schleift</em> das Messer, um es schärfer zu machen.</b><br/>He sharpens the knife to make it sharper.<br/><br/><b>Sie <em>schliff</em> die Kante des Papiers, um sie glatt zu machen.</b><br/>She smoothed the edge of the paper to make it flat.<br/><br/><b>Er <em>hat</em> das Holz <em>geschliffen</em>, um die Oberfläche zu verfeinern.</b><br/>He sanded the wood to refine the surface.
schließen<br/>{{c1::schließt}}<br/>{{c1::schloss}}<br/>{{c1::hat geschlossen}}	<b>Er <em>schließt</em> die Tür vorsichtig, um keinen Lärm zu machen.</b><br/>He closes the door carefully to avoid making noise.<br/><br/><b>Sie <em>schloss</em> das Fenster, als der Regen begann.</b><br/>She closed the window when the rain started.<br/><br/><b>Er <em>hat</em> das Kapitel im Buch <em>geschlossen</em>, um mit dem nächsten fortzufahren.</b><br/>He finished the chapter in the book to move on to the next one.
schlingen<br/>{{c1::schlingt}}<br/>{{c1::schlang}}<br/>{{c1::hat geschlungen}}	<b>Er <em>schlingt</em> den Faden um die Nadel, um zu nähen.</b><br/>He wraps the thread around the needle to sew.<br/><br/><b>Sie <em>schlang</em> die Schlange um ihren Arm, um sie zu halten.</b><br/>She wrapped the snake around her arm to hold it.<br/><br/><b>Er <em>hat</em> das Seil <em>geschlungen</em>, um die Last zu sichern.</b><br/>He wound the rope to secure the load.
schmeißen<br/>{{c1::schmeisst}}<br/>{{c1::schmiss}}<br/>{{c1::hat geschmissen}}	<b>Er <em>schmeißt</em> den Ball über den Zaun, um seinen Freund zu erreichen.</b><br/>He throws the ball over the fence to reach his friend.<br/><br/><b>Sie <em>schmiss</em> die alten Bücher in die Spende-Box.</b><br/>She tossed the old books into the donation box.<br/><br/><b>Er <em>hat</em> die Einladung <em>geschmissen</em>, weil er nicht teilnehmen kann.</b><br/>He discarded the invitation because he cannot attend.
schmelzen<br/>{{c1::schmilzt}}<br/>{{c1::schmolz}}<br/>{{c1::ist/hat geschmolzen}}	<b>Der Schnee <em>schmilzt</em> langsam in der warmen Frühlingssonne.</b><br/>The snow melts slowly in the warm spring sun.<br/><br/><b>Das Eis <em>schmolz</em> schneller als erwartet an diesem heißen Sommertag.</b><br/>The ice melted faster than expected on this hot summer day.<br/><br/><b>In diesem Jahr <em>ist</em> der letzte Schnee erst im späten Mai <em>geschmolzen</em>.</b><br/>This year, the last snow only melted in late May.<br/><br/><b>Das Wachs <em>schmilzt</em> in der Flamme und tropft auf den Tisch.</b><br/>The wax melts in the flame and drips onto the table.<br/><br/><b>Der Schnee <em>schmolz</em> auf der Straße, sobald die Sonne herauskam.</b><br/>The snow melted on the street as soon as the sun came out.<br/><br/><b>Die Schokolade <em>hat</em> in der Tasche <em>geschmolzen</em> und eine klebrige Sauerei hinterlassen.</b><br/>The chocolate melted in the bag and left a sticky mess.
schneiden<br/>{{c1::schneidet}}<br/>{{c1::schnitt}}<br/>{{c1::hat geschnitten}}	<b>Er <em>schneidet</em> das Gemüse in feine Streifen für den Salat.</b><br/>He cuts the vegetables into thin strips for the salad.<br/><br/><b>Sie <em>schnitt</em> das Brot in dicke Scheiben für das Frühstück.</b><br/>She cut the bread into thick slices for breakfast.<br/><br/><b>Er <em>hat</em> das Papier sauber <em>geschnitten</em>, um eine gerade Kante zu erhalten.</b><br/>He cut the paper neatly to get a straight edge.
schreiben<br/>{{c1::schreibt}}<br/>{{c1::schrieb}}<br/>{{c1::hat geschrieben}}	<b>Er <em>schreibt</em> jeden Morgen in sein Tagebuch.</b><br/>He writes in his journal every morning.<br/><br/><b>Sie <em>schrieb</em> ihm einen langen Brief, um sich zu entschuldigen.</b><br/>She wrote him a long letter to apologize.<br/><br/><b>Er <em>hat</em> einen spannenden Roman <em>geschrieben</em>, der bald veröffentlicht wird.</b><br/>He has written an exciting novel that will be published soon.
schreien<br/>{{c1::schreit}}<br/>{{c1::schrie}}<br/>{{c1::hat geschrien}}	<b>Er <em>schreit</em> laut vor Freude, als er die gute Nachricht hört.</b><br/>He shouts loudly with joy when he hears the good news.<br/><br/><b>Sie <em>schrie</em> vor Angst, als sie den Schatten sah.</b><br/>She screamed in fear when she saw the shadow.<br/><br/><b>Er <em>hat</em> vor Wut <em>geschrien</em>, weil etwas schiefgegangen ist.</b><br/>He yelled in anger because something went wrong.
schreiten<br/>{{c1::schreitet}}<br/>{{c1::schritt}}<br/>{{c1::ist geschritten}}	<b>Er <em>schreitet</em> stolz über die Bühne, als er seinen Preis entgegennimmt.</b><br/>He strides proudly across the stage as he accepts his award.<br/><br/><b>Sie <em>schritt</em> durch den Garten, um die frische Luft zu genießen.</b><br/>She walked through the garden to enjoy the fresh air.<br/><br/><b>Er <em>ist</em> langsam in den Saal <em>geschritten</em>, während alle ihn beobachteten.</b><br/>He walked slowly into the hall as everyone watched him.
schweigen<br/>{{c1::schweigt}}<br/>{{c1::schwieg}}<br/>{{c1::hat geschwiegen}}	<b>Er <em>schweigt</em> lieber, als eine unnötige Diskussion zu führen.</b><br/>He prefers to remain silent rather than engage in an unnecessary argument.<br/><br/><b>Sie <em>schwieg</em>, als die Wahrheit ans Licht kam.</b><br/>She remained silent when the truth came to light.<br/><br/><b>Er <em>hat</em> während des gesamten Treffens <em>geschwiegen</em> und kein Wort gesagt.</b><br/>He stayed silent throughout the entire meeting and didn't say a word.
schwellen<br/>{{c1::schwillt}}<br/>{{c1::schwoll}}<br/>{{c1::ist geschwollen}}	<b>Der Fluss <em>schwillt</em> nach dem starken Regen rasch an.</b><br/>The river swells quickly after the heavy rain.<br/><br/><b>Sein Knöchel <em>schwoll</em> nach dem Sturz stark an.</b><br/>His ankle swelled badly after the fall.<br/><br/><b>Der Bach <em>ist</em> nach dem Gewitter stark <em>angeschwollen</em>.</b><br/>The stream swelled up significantly after the thunderstorm.
schwimmen<br/>{{c1::schwimmt}}<br/>{{c1::schwamm}}<br/>{{c1::hat geschwommen}}	<b>Er <em>schwimmt</em> jeden Morgen im See, um fit zu bleiben.</b><br/>He swims in the lake every morning to stay fit.<br/><br/><b>Sie <em>schwamm</em> schneller als alle anderen und gewann das Rennen.</b><br/>She swam faster than everyone else and won the race.<br/><br/><b>Martin <em>ist</em> die 500 Meter am schnellsten <em>geschwommen</em>.</b><br/>Martin swam the 500 meters in the fastest time.<br/><br/><b>In Italien <em>sind</em> wir oft im Mittelmeer <em>geschwommen</em>.</b><br/>In Italy, we often swam in the Mediterranean.
schwingen<br/>{{c1::schwingt}}<br/>{{c1::schwang}}<br/>{{c1::hat geschwungen}}	<b>Er <em>schwingt</em> das Seil, bevor er es loslässt.</b><br/>He swings the rope before letting it go.<br/><br/><b>Sie <em>schwang</em> den Hammer kräftig, um den Nagel einzuschlagen.</b><br/>She swung the hammer forcefully to drive in the nail.<br/><br/><b>Er <em>hat</em> die Fahne stolz im Wind <em>geschwungen</em>.</b><br/>He proudly waved the flag in the wind.
schwören<br/>{{c1::schwört}}<br/>{{c1::schwor}}<br/>{{c1::hat geschworen}}	<b>Er <em>schwört</em>, immer für sie da zu sein, egal was passiert.</b><br/>He vows to always be there for her, no matter what happens.<br/><br/><b>Sie <em>schwor</em>, die Wahrheit zu sagen, und hielt ihr Wort.</b><br/>She swore to tell the truth and kept her word.<br/><br/><b>Er <em>hat</em> bei allem, was ihm heilig ist, <em>geschworen</em>.</b><br/>He swore by everything sacred to him.
sehen<br/>{{c1::sieht}}<br/>{{c1::sah}}<br/>{{c1::hat gesehen}}	<b>Er <em> sieht</em> den Sonnenuntergang jeden Abend von seinem Balkon.</b><br/>He sees the sunset every evening from his balcony.<br/><br/><b>Er <em>sah</em> seinem Schicksal ruhig entgegen.</b><br/>He met his fate calmly.<br/><br/><b>Er <em>hat</em> das Konzert letzte Woche <em>gesehen</em> und war begeistert.</b><br/>He saw the concert last week and was thrilled.
sein<br/>{{c1::ist}}<br/>{{c1::war}}<br/>{{c1::ist gewesen}}	<b>Sie <em>ist</em> die Beste in ihrer Klasse und hat viele Preise gewonnen.</b><br/>She is the best in her class and has won many awards.<br/><br/><b>Er <em>war</em> gestern in der Stadt, um einige Besorgungen zu machen.</b><br/>He was in town yesterday to run some errands.<br/><br/><b>Wo ist er gewesen?</b><br/>Where has he been?
senden<br/>{{c1::sendet}}<br/>{{c1::sandte}}<br/>{{c1::hat gesandt}}	<b>Er <em>sendet</em> regelmäßig Nachrichten an seine Freunde, um in Kontakt zu bleiben.</b><br/>He regularly sends messages to his friends to stay in touch.<br/><br/><b>Sie <em>sandte</em> ein Paket an ihre Familie, um ihnen eine Überraschung zu bereiten.</b><br/>She sent a package to her family to surprise them.<br/><br/><b>Er <em>hat</em> eine Einladung zu seiner Geburtstagsfeier <em>gesendet</em>.</b><br/>He sent an invitation to his birthday party.
singen<br/>{{c1::singt}}<br/>{{c1::sang}}<br/>{{c1::hat gesungen}}	<b>Er <em>singt</em> jeden Morgen unter der Dusche, um den Tag fröhlich zu beginnen.</b><br/>He sings every morning in the shower to start the day happily.<br/><br/><b>Sie <em>sang</em> ein wunderschönes Lied bei der Hochzeitsfeier.</b><br/>She sang a beautiful song at the wedding celebration.<br/><br/><b>Er <em>hat</em> im Chor <em>gesungen</em> und dabei viele neue Freunde gefunden.</b><br/>He sang in the choir and made many new friends.
sinken<br/>{{c1::sinkt}}<br/>{{c1::sank}}<br/>{{c1::hat gesunken}}	<b>Er <em>sinkt</em> langsam in Gedanken, während er das Meer beobachtet.</b><br/>He sinks slowly into thought as he watches the sea.<br/><br/><b>Sie <em>sank</em> tief in den Sessel, müde von der langen Reise.</b><br/>She sank deep into the armchair, tired from the long journey.<br/><br/><b>Die Temperaturen <em>ist</em> stark <em>gesunken</em>. Der Winter zieht ein.</b><br/>The temperature has dropped sharply. Winter is setting in.
sinnen<br/>{{c1::sinnt}}<br/>{{c1::sann}}<br/>{{c1::hat gesonnen}}	<b>Er <em>sinnet</em> oft über das Leben und seine unzähligen Möglichkeiten nach.</b><br/>He often reflects on life and its countless possibilities.<br/><br/><b>Sie <em>sann</em> über die Worte nach, die sie in dem alten Buch gelesen hatte.</b><br/>She pondered the words she had read in the old book.<br/><br/><b>Er <em>hat</em> lange über seine Entscheidungen <em>gesonnen</em>, bevor er sie getroffen hat.</b><br/>He pondered his decisions for a long time before making them.
sitzen<br/>{{c1::sitzt}}<br/>{{c1::saß}}<br/>{{c1::hat gesessen}}	<b>Er <em>sitzt</em> gerne am Fenster und schaut den vorbeigehenden Menschen zu.</b><br/>He likes to sit by the window and watch the people passing by.<br/><br/><b>Sie <em>saß</em> still auf der Bank im Park und genoss die Ruhe.</b><br/>She sat quietly on the bench in the park and enjoyed the peace.<br/><br/><b>Er <em>hat</em> während des Meetings <em>gesessen</em> und aufmerksam zugehört.</b><br/>He sat during the meeting and listened attentively.
spalten<br/>{{c1::spaltet}}<br/>{{c1::spaltete}}<br/>{{c1::hat gespalten (gespaltet)}}	<b>Er <em>spaltet</em> das Holz mit einer Axt, um es für den Kamin vorzubereiten.</b><br/>He splits the wood with an axe to prepare it for the fireplace.<br/><br/><b>Sie <em>spaltete</em> die Gruppe in zwei Teams für das Spiel.</b><br/>She split the group into two teams for the game.<br/><br/><b>Er <em>hat</em> die Meinungen der Experten <em>gespalten</em>, als er seine Theorie präsentierte.</b><br/>He split the opinions of the experts when he presented his theory.
speien<br/>{{c1::speit}}<br/>{{c1::spie}}<br/>{{c1::hat gespien}}	<b>Er <em>speit</em> voller Wut, als er die ungerechte Behandlung sah.</b><br/>He spews with anger when he sees the unfair treatment.<br/><br/><b>Sie <em>spie</em> einen giftigen Kommentar, der die Stimmung im Raum vergiftete.</b><br/>She spat a toxic comment that poisoned the atmosphere in the room.<br/><br/><b>Er <em>hat</em> während des Films vor Lachen <em>gespien</em>, so lustig fand er die Szene.</b><br/>He spat out in laughter during the movie; he found the scene so funny.
spinnen<br/>{{c1::spinnt}}<br/>{{c1::spann}}<br/>{{c1::hat gesponnen}}	<b>Er <em>spinnt</em> die Fäden seiner Geschichten mit viel Fantasie.</b><br/>He spins the threads of his stories with a lot of imagination.<br/><br/><b>Sie <em>spannte</em> den Stoff für ihr Kunstprojekt und ließ ihrer Kreativität freien Lauf.</b><br/>She spun the fabric for her art project and let her creativity flow.<br/><br/><b>Er <em>hat</em> in den letzten Wochen viele Ideen <em>gesponnen</em>, um das Problem zu lösen.</b><br/>He has spun many ideas in recent weeks to solve the problem.
sprechen<br/>{{c1::spricht}}<br/>{{c1::sprach}}<br/>{{c1::hat gesprochen}}	<b>Er <em>spricht</em> fließend drei Sprachen und liebt es, neue Kulturen kennenzulernen.</b><br/>He speaks three languages fluently and loves to learn about new cultures.<br/><br/><b>Sie <em>sprach</em> mit Begeisterung über ihr neuestes Projekt während der Besprechung.</b><br/>She spoke with enthusiasm about her latest project during the meeting.<br/><br/><b>Er <em>hat</em> gestern lange mit seinem Freund <em>gesprochen</em>, um ihn zu trösten.</b><br/>He spoke for a long time with his friend yesterday to comfort him.
sprießen<br/>{{c1::sprießt}}<br/>{{c1::spross}}<br/>{{c1::ist gesprossen}}	<b>Er <em>sprießt</em> voller Energie, als der Frühling endlich anbrach.</b><br/>He sprouted with energy when spring finally arrived.<br/><br/><b>Sie <em>spross</em> aus dem Boden, nachdem der Regen fiel und die Erde befeuchtete.</b><br/>She sprouted from the ground after the rain fell and moistened the soil.<br/><br/><b>Er <em>hat</em> in der Frühjahrszeit viele neue Ideen <em>gesprossen</em>, während er spazieren ging.</b><br/>He has seen many new ideas sprouting in the spring while he was out for a walk.
springen<br/>{{c1::springt}}<br/>{{c1::sprang}}<br/>{{c1::ist gesprungen}}	<b>Er <em>springt</em> voller Freude, als er die gute Nachricht hört.</b><br/>He jumps with joy when he hears the good news.<br/><br/><b>Sie <em>sprang</em> über die Pfütze, um ihre neuen Schuhe trocken zu halten.</b><br/>She jumped over the puddle to keep her new shoes dry.<br/><br/><b>Das Pferd <em>ist</em>schon über einen 2 Meter hohen Zaun <em>gesprungen</em>.</b><br/>The horse has already jumped over a 2 meter high fence.
stechen<br/>{{c1::sticht}}<br/>{{c1::stach}}<br/>{{c1::hat gestochen}}	<b>Er <em>sticht</em> mit seinem Messer die Äpfel, um sie für den Kuchen vorzubereiten.</b><br/>He stabs the apples with his knife to prepare them for the pie.<br/><br/><b>Sie <em>stach</em> versehentlich in den Finger, während sie die Blume schnitt.</b><br/>She accidentally pricked her finger while cutting the flower.<br/><br/><b>Eine Biene <em>hat</em> ihn <em>gestochen</em>.</b><br/>He was stung by a bee.
stehen<br/>{{c1::steht}}<br/>{{c1::stand}}<br/>{{c1::hat gestanden}}	<b>Er <em>steht</em> auf dem Balkon und genießt die frische Luft des Morgens.</b><br/>He stands on the balcony and enjoys the fresh morning air.<br/><br/><b>Sie <em>stand</em> am Fenster und beobachtete die Vögel, die im Garten flogen.</b><br/>She stood by the window watching the birds flying in the garden.<br/><br/><b>Um wie viel Uhr <em>ist</em> Sascha am Sonntag <em>aufgestanden</em>?</b><br/>What time did Sascha get up on Sunday?<br/><br/><b>Um Urlaub <em>sind</em> wir selten vor dem Mittag <em>aufgestanden</em>.</b><br/>We rarely got up before midday on vacation.
stehlen<br/>{{c1::stiehlt}}<br/>{{c1::stahl}}<br/>{{c1::hat gestohlen}}	<b>Er <em>stiehlt</em> heimlich die Kekse aus der Keksdose, während niemand zuschaut.</b><br/>He secretly steals the cookies from the jar while no one is watching.<br/><br/><b>Sie <em>stahl</em> das Herz ihres Freundes mit ihrem charmanten Lächeln.</b><br/>She stole her friend's heart with her charming smile.<br/><br/><b>Er <em>hat</em> schon oft <em>gestohlen</em>, aber diesmal wurde er erwischt.</b><br/>He has stolen many times before, but this time he got caught.
steigen<br/>{{c1::steigt}}<br/>{{c1::stieg}}<br/>{{c1::ist gestiegen}}	<b>Er <em>steigt</em> jeden Morgen die Treppen zur Arbeit, um fit zu bleiben.</b><br/>He climbs the stairs to work every morning to stay fit.<br/><br/><b>Sie <em>stieg</em> vorsichtig auf den Stuhl, um das oberste Regal zu erreichen.</b><br/>She carefully climbed onto the chair to reach the top shelf.<br/><br/><b>Tagsüber <em>sind</em> die Temperaturen nur um 2 Grad <em>gestiegen</em>.</b><br/>During the day, temperatures have only risen by 2 degrees.<br/><br/><b>Warum <em>ist</em> Herr Schöller nicht in das Taxi <em>eingestiegen</em>?</b><br/>Why didn't Mr. Schöller get into the cab?<br/><br/><b>An der Bushaltestelle <em>sind</em> alle Fahrgäste aus dem Bus <em>ausgestiegen</em>.</b><br/>All passengers have got off the bus at the bus stop.
sterben<br/>{{c1::stirbt}}<br/>{{c1::starb}}<br/>{{c1::ist gestorben}}	<b>Er <em>stirbt</em> vor Aufregung, als er die Einladung zur Gala erhält.</b><br/>He is dying of excitement when he receives the invitation to the gala.<br/><br/><b>Sie <em>starb</em> friedlich im Schlaf, umgeben von ihren Lieben.</b><br/>She passed away peacefully in her sleep, surrounded by her loved ones.<br/><br/><b>Er <em>hat</em> das Gefühl, dass die Hoffnung in schwierigen Zeiten <em>gestirbt</em> ist.</b><br/>He feels that hope has died in difficult times.
stieben<br/>{{c1::stiebt}}<br/>{{c1::stob (stiebte)}}<br/>{{c1::ist gestoben (gestiebt)}}	<b>Er <em>stiebt</em> vor Freude, als er die gute Nachricht erhält.</b><br/>He is bursting with joy when he receives the good news.<br/><br/><b>Sie <em>stob</em> ins Zimmer, voller Energie und Enthusiasmus.</b><br/>She burst into the room, full of energy and enthusiasm.<br/><br/><b>Er <em>hat</em> in der letzten Zeit oft <em>gestiebt</em>, als er von seinen Abenteuern erzählte.</b><br/>He has often burst with excitement when telling about his adventures lately.
stinken<br/>{{c1::stinkt}}<br/>{{c1::stank}}<br/>{{c1::hat gestunken}}	<b>Sie <em>stinkt</em> manchmal, wenn sie beim Kochen mit Knoblauch experimentiert.</b><br/>She sometimes smells when she experiments with garlic while cooking.<br/><br/><b>Er <em>stank</em> nach dem Campingausflug, weil er den ganzen Tag draußen war.</b><br/>He smelled after the camping trip because he had been outside all day.<br/><br/><b>Die alten Socken in der Ecke <em>haben gestunken</em>.</b><br/>The old socks in the corner have smelled.
stoßen<br/>{{c1::stösst}}<br/>{{c1::stiess}}<br/>{{c1::ist/hat gestossen}}	<b>Er <em>stößt</em> die Tür mit aller Kraft auf, um den Raum zu betreten.</b><br/>He pushes the door open with all his might to enter the room.<br/><br/><b>Sie <em>stieß</em> beim Tanzen versehentlich gegen den Tisch und ließ alles umfallen.</b><br/>She accidentally bumped into the table while dancing and knocked everything over.<br/><br/><b>Er <em>ist</em> oft gegen die Wand <em>gestoßen</em>, weil er im Dunkeln lief.</b><br/>He often bumped into the wall because he was walking in the dark.<br/><br/><b>Als sie mit ihrem Fahrrad gegen einen anderen Radfahrer <em>gestoßen ist</em>, sind sie beide umgefallen.</b><br/>When she hit another cyclist with her bike, they both fell over.
streichen<br/>{{c1::streicht}}<br/>{{c1::strich}}<br/>{{c1::hat gestrichen}}	<b>Er <em>streicht</em> mit Freude die alten Möbel neu.</b><br/>He is joyfully painting the old furniture anew.<br/><br/><b>Sie <em>strich</em> das Bild sorgfältig mit leuchtenden Farben.</b><br/>She painted the picture carefully with bright colors.<br/><br/><b>Sie <em>hat</em> das gesamte Haus <em>gestrichen</em.</b><br/>She has painted the entire house.
streiten<br/>{{c1::streitet}}<br/>{{c1::stritt}}<br/>{{c1::hat gestritten}}	<b>Er <em>streitet</em> oft mit seinem Bruder über die Fernbedienung des Fernsehers.</b><br/>He often fights with his brother over the TV remote.<br/><br/><b>Sie <em>stritt</em> heftig mit ihrer besten Freundin über die beste Art, einen Kuchen zu backen.</b><br/>She had a heated argument with her best friend about the best way to bake a cake.<br/><br/><b>Er <em>hat</em> gestern mit seinem Nachbarn <em>gestritten</em> wegen des Lärms im Garten.</b><br/>He argued with his neighbor yesterday about the noise in the garden.
tragen<br/>{{c1::trägt}}<br/>{{c1::trug}}<br/>{{c1::hat getragen}}	<b>Er <em>trägt</em> immer einen großen Rucksack zur Schule, um all seine Bücher zu transportieren.</b><br/>He always carries a big backpack to school to transport all his books.<br/><br/><b>Sie <em>trug</em> ein wunderschönes Kleid zur Feier, das alle bewunderten.</b><br/>She wore a beautiful dress to the party that everyone admired.<br/><br/><b>Er <em>hat</em> die schwere Kiste allein <em>getragen</em> und sich dabei den Rücken verletzt.</b><br/>He carried the heavy box by himself and hurt his back in the process.
treffen<br/>{{c1::trifft}}<br/>{{c1::traf}}<br/>{{c1::hat getroffen}}	<b>Er <em>trifft</em> sich jeden Samstag mit seinen Freunden im Café, um zu plaudern.</b><br/>He meets with his friends at the café every Saturday to chat.<br/><br/><b>Sie <em>traf</em> ihn zufällig im Supermarkt und sie hatten ein nettes Gespräch.</b><br/>She ran into him by chance at the supermarket, and they had a nice conversation.<br/><br/><b>Gestern <em>habe</em> ich in der Stadt eine alte Schulfreundin <em>getroffen</em>.</b><br/>Yesterday I met an old school friend in town.<br/><br/><b>In Kolumbien <em>ist</em> der Professor auf einen Piratenschatz <em>getroffen</em>.</b><br/>In Colombia, the professor came across a pirate treasure.
treiben<br/>{{c1::treibt}}<br/>{{c1::trieb}}<br/>{{c1::ist/hat getrieben}}	<b>Er <em>treibt</em> jeden Morgen Sport, um fit zu bleiben.</b><br/>He exercises every morning to stay fit.<br/><br/><b>Sie <em>trieb</em> ihre Ideen voran und überzeugte alle von ihrem Konzept.</b><br/>She pushed her ideas forward and convinced everyone of her concept.<br/><br/><b>Er <em>hat</em> seine Freunde zum Lachen <em>getrieben</em>, als er einen Witz erzählte.</b><br/>He made his friends laugh when he told a joke.<br/><br/><b>Sie <em>treibt</em> leidenschaftlich gern im Wasser und genießt jede Minute im Schwimmbad.</b><br/>She loves to swim passionately and enjoys every minute at the pool.<br/><br/><b>Er <em>trieb</em> sein Pferd über die Wiese, um es fit zu halten.</b><br/>He exercised his horse across the meadow to keep it fit.
treten<br/>{{c1::tritt}}<br/>{{c1::trat}}<br/>{{c1::ist/hat getreten}}	<b>Die Frau <em>ist</em> auf eine Bananenschale <em>getreten</em> und hingefallen.</b><br/>The woman stepped on a banana peel and fell down.<br/><br/><b>Viele Mitglieder <em>sind</em> in den letzten Monaten aus der Partei <em>ausgetreten</em>.</b><br/>Many members have left the party in recent months.<br/><br/><b>Der Junge <em>hat mich</em> gegen mein Schienbein <em>getreten</em>.</b><br/>The boy kicked me in the shin.
trinken<br/>{{c1::trinkt}}<br/>{{c1::trank}}<br/>{{c1::hat getrunken}}	<b>Er <em>trinkt</em> jeden Morgen einen starken Kaffee, um wach zu werden.</b><br/>He drinks a strong coffee every morning to wake up.<br/><br/><b>Sie <em>trank</em> ein Glas Wasser, bevor sie mit dem Training begann.</b><br/>She drank a glass of water before starting her workout.<br/><br/><b>Er <em>hat</em> beim Picknick Limonade <em>getrunken</em>.</b><br/>He drank lemonade during the picnic.
tun<br/>{{c1::tut}}<br/>{{c1::tat}}<br/>{{c1::hat getan}}	<b>Er <em>tut</em> alles, um seine Familie glücklich zu machen.</b><br/>He does everything to make his family happy.<br/><br/><b>Sie <em>tat</em> ihr Bestes, um das Projekt rechtzeitig abzuschließen.</b><br/>She did her best to complete the project on time.<br/><br/><b>Er <em>hat</em> in der Vergangenheit viel für seine Gemeinde <em>getan</em>.</b><br/>He has done a lot for his community in the past.
verderben<br/>{{c1::verdirbt}}<br/>{{c1::verdarb}}<br/>{{c1::ist/hat verdorben}}	<b>Fleisch sollte man im Kühlschrank aufheben, sonst kann es <em>verderben</em>.</b><br/>Meat should be stored in the fridge, otherwise it can spoil.<br/><br/><b>Er <em>verdirbt</em> den Kindern den Spaß mit ständigen Beschwerden.</b><br/>He is ruining the children's fun with constant complaints.<br/><br/><b>Sie <em>verderbte</em> ihm den Spaß, als sie ihn nicht mitspielen ließ.</b><br/>She ruined his fun when she didn’t let him join the game.
verdriessen<br/>{{c1::verdriesst}}<br/>{{c1::verdross}}<br/>{{c1::hat verdrossen}}	<b>Er <em>verdrießt</em> oft seine Eltern mit seinen unordentlichen Gewohnheiten.</b><br/>He often annoys his parents with his messy habits.<br/><br/><b>Sie <em>verdross</em> ihre Freunde, als sie ständig auf ihr Handy schaute, während sie sprach.</b><br/>She irritated her friends when she kept looking at her phone while talking.<br/><br/><b>Er <em>hat</em> sie mit seinen ständigen Fragen <em>verdrossen</em>, die nie enden wollten.</b><br/>He annoyed her with his endless questions that never seemed to stop.
vergessen<br/>{{c1::vergisst}}<br/>{{c1::vergass}}<br/>{{c1::hat vergessen}}	<b>Er <em>vergisst</em> oft, seine Schlüssel mitzunehmen, wenn er das Haus verlässt.</b><br/>He often forgets to take his keys when he leaves the house.<br/><br/><b>Sie <em>vergaß</em>, den Geburtstag ihres Freundes zu feiern, was ihn sehr enttäuschte.</b><br/>She forgot to celebrate her friend's birthday, which disappointed him greatly.<br/><br/><b>Er <em>hat</em> bei der Prüfung wichtige Fakten <em>vergessen</em>, was seine Note beeinflusste.</b><br/>He forgot important facts during the exam, which affected his grade.
verlieren<br/>{{c1::verliert}}<br/>{{c1::verlor}}<br/>{{c1::hat verloren}}	<b>Er <em>verliert</em> oft seine Geduld, wenn die Dinge nicht nach Plan laufen.</b><br/>He often loses his patience when things don't go as planned.<br/><br/><b>Sie <em>verlor</em> beim Spiel gegen ihre Freunde und konnte sich nicht darüber freuen.</b><br/>She lost the game against her friends and couldn't enjoy it.<br/><br/><b>Er <em>hat</em> seine Geldbörse <em>verloren</em>, während er in der Stadt unterwegs war.</b><br/>He lost his wallet while he was out in the city.
verschwinden<br/>{{c1::verschwindet}}<br/>{{c1::verschwand}}<br/>{{c1::ist verschwunden}}	<b>Er <em>verschwindet</em> oft, wenn es Zeit zum Aufräumen ist.</b><br/>He often disappears when it's time to clean up.<br/><br/><b>Sie <em>verschwand</em> ohne ein Wort, was alle in Aufregung versetzte.</b><br/>She disappeared without a word, which caused everyone to be alarmed.<br/><br/><b>Hast du meinen Hund Bello gesehn? Seit gestern <em>ist</em> er <em>verschwunden</em>.</b><br/>Have you seen my dog Bello? He disappeared yesterday.
verzeihen<br/>{{c1::verzeiht}}<br/>{{c1::verzieh}}<br/>{{c1::hat verziehen}}	<b>Er <em>verzeiht</em> seinen Freunden oft, wenn sie Fehler machen.</b><br/>He often forgives his friends when they make mistakes.<br/><br/><b>Sie <em>verzieh</em> ihm, obwohl er sie enttäuschte.</b><br/>She forgave him even though he disappointed her.<br/><br/><b>Er <em>hat</em> ihr nicht <em>verziehen</em>, weil er immer noch verletzt ist.</b><br/>He has not forgiven her because he is still hurt.
wachsen<br/>{{c1::wächst}}<br/>{{c1::wuchs}}<br/>{{c1::ist gewachsen}}	<b>Er <em>wächst</em> schnell und hat seine Freunde in der Höhe überholt.</b><br/>He is growing quickly and has surpassed his friends in height.<br/><br/><b>Sie <em>wuchs</em> in einer kleinen Stadt auf und träumte von großen Abenteuern.</b><br/>She grew up in a small town and dreamed of great adventures.<br/><br/><b>Heinrich ist für sein Alter sehr groß. - Ja, er <em>ist</em> sehr schnell<em>gewachsen</em>.</b><br/>Heinrich is very tall for his age. - Yes, he has grown very quickly.
waschen<br/>{{c1::wäscht}}<br/>{{c1::wusch}}<br/>{{c1::hat gewaschen}}	<b>Er <em>wäscht</em> jeden Sonntag sein Auto, um es sauber zu halten.</b><br/>He washes his car every Sunday to keep it clean.<br/><br/><b>Sie <em>wusch</em> die Wäsche, bevor sie in den Urlaub fuhr.</b><br/>She washed the laundry before going on vacation.<br/><br/><b>Er <em>hat</em> das Geschirr <em>gewaschen</em>, nachdem sie zu Abend gegessen hatten.</b><br/>He washed the dishes after they had dinner.
weichen<br/>{{c1::weicht}}<br/>{{c1::wich}}<br/>{{c1::ist gewichen}}	<b>Die Bohnen müssen erst in Wasser <em>weichen</em>.</b><br/>The beans need to soak in water first.<br/><br/><b>Der Winter <em>wich</em> langsam dem Frühling.</b><br/>Winter slowly gave way to spring.
weisen<br/>{{c1::weist}}<br/>{{c1::wies}}<br/>{{c1::hat gewiesen}}	<b>Ein Schild <em>weist</em> in Richtung der Stadt.</b><br/>A sign indicates the direction to the city.
wenden<br/>{{c1::wendet}}<br/>{{c1::wandte}}<br/>{{c1::hat gewandt}}	<b>Wir wendeten uns an unseren Berater, um Rat zu bekommen.</b><br/>We turned to our consultant to get advice.<br/><br/><b>In der Hoffnung auf Informationen wandte sich die Polizei an die Öffentlichkeit.</b><br/>In the hope of information, the police appealed to the public.
werben<br/>{{c1::wirbt}}<br/>{{c1::warb}}<br/>{{c1::hat geworben}}	<b>Die Firma wirbt mit Flugblättern und Postern.</b><br/>The company advertises through leaflets and posters.<br/><br/><b>Unser Sportteam möchte neue Mitglieder werben.</b><br/>Our sports team wants to recruit new members.
werden<br/>{{c1::wird}}<br/>{{c1::ward/wurde}}<br/>{{c1::ist (ge)worden}}	<b>Das Auto ist repariert worden.</b><br/>The car has been repaired.<br/><br/><b>Das Auto ist alt geworden.</b><br/>The car has become old.<br/><br/><b>Am Samstag <em>ist</em> Ilona volljährig <em>geworden</em>. Jetzt ist sie endlich 18 Jahre alt.</b><br/>Ilona came of age on Saturday. Now she is finally 18 years old.
werfen<br/>{{c1::wirft}}<br/>{{c1::warf}}<br/>{{c1::hat geworfen}}	<b>Der Junge <em>warf</em> den Ball über den Zaun.</b><br/>The boy threw the ball over the fence.<br/><br/><b>Der Weidenbaum <em>wirft</em> einen großen Schatten.</b><br/>The willow tree casts a big shadow.
wiegen<br/>{{c1::wiegt}}<br/>{{c1::wog}}<br/>{{c1::hat gewogen}}	<b>Sie <em>wiegte</em> das Baby in ihren Armen.</b><br/>She rocked the baby in her arms.<br/><br/><b>Der Verkäufer <em>wog</em> das Obst, bevor er es verpackte.</b><br/>The vendor scaled the fruit before packaging it.<br/><br/><b>Die Mutter <em>wiegte</em> das Baby, um es zu beruhigen.</b><br/>The mother cradled the baby to soothe her.
winden<br/>{{c1::windet}}<br/>{{c1::wand}}<br/>{{c1::hat gewunden}}	<b>Sie <em>wand</em> das Telefonkabel um ihren kleinen Finger.</b><br/>She twined the telephone cord around her little finger.
wissen<br/>{{c1::weiss}}<br/>{{c1::wusste}}<br/>{{c1::hat gewusst}}	<b>Ich <em>weiß</em>, dass ich noch viel zu lernen habe.</b><br/>I know that I still have a lot to learn.<br/><br/><b>Er sollte es besser <em>wissen</em>.</b><br/>He ought to know better.<br/><br/><b>Er scheint zu <em>wissen</em>, was Leute denken, es ist unheimlich.</b><br/>He seems to know what people think, it is uncanny.
wollen<br/>{{c1::will}}<br/>{{c1::wollte}}<br/>{{c1::hat gewollt/wollen}}	<b>Ich <em>will</em> das Buch heute zu Ende lesen.</b><br/>I want to finish reading the book today.<br/><br/><b>Das Kind <em>wollte</em> ein Eis.</b><br/>The child wanted an ice cream.<br/><br/><b>Jeder <em>will</em> glücklich sein.</b><br/>Everybody wants to be happy.<br/><br/><b>Meine Tochter <em>will</em> Ärztin werden.</b><br/>My daughter wants to become a doctor.
wringen<br/>{{c1::wringt}}<br/>{{c1::wrang}}<br/>{{c1::hat gewrungen}}	<b>Man sollte dieses Hemd nach dem Waschen nicht <em>wringen</em>.</b><br/>You should not wring this shirt after washing.
ziehen<br/>{{c1::zieht}}<br/>{{c1::zog}}<br/>{{c1::ist/hat gezogen}}	<b>Nach dem Sport <em>habe</em> ich <em>mich</em> in aller Eile <em>umgezogen</em>.</b><br/>After sport, I changed my clothes in a hurry.<br/><br/><b>Sie müssen an der Tür <em>ziehen</em>, um sie zu öffnen.</b><br/>You have to pull the door in order to open it.<br/><br/><b>Jonas wohnt schon lange nicht mehr hier. Er <em>ist</em> nach Köln <em>gezogen</em>.</b><br/>Jonas hasn't lived here for a long time. He has moved to Cologne.<br/><br/><b>Ich glaube, Herr Döring <em>ist</em> nach Melsungen <em>gezogen</em>.</b><br/>I think Mr. Döring has moved to Melsungen.<br/><br/><b>Im Sommer <em>sind</em> wir von München nach Stuttgart <em>umgezogen</em>.</b><br/>We moved from Munich to Stuttgart in the summer.
zwingen<br/>{{c1::zwingt}}<br/>{{c1::zwang}}<br/>{{c1::hat gezwungen}}	<b>Ich war <em>gezwungen</em>, mit dem Bus zu fahren, da kein Taxi frei war.</b><br/>I was forced to take the bus because no taxi was available.<br/><br/><b>Diese militärische Strategie <em>zwang</em> den Feind zum Rückzug.</b><br/>This military strategy forced the enemy's retreat.<br/><br/><b>Der Regen <em>zwang mich</em>, zuhause zu bleiben.</b><br/>The rain compelled me to stay home.<br/><br/><b>Der Regen <em>zwang uns</em>, unser Picknick zu verschieben.</b><br/>The rain obliged us to postpone our picnic.<br/><br/><b>Der Präsident wurde zum Rücktritt <em>gezwungen</em>.</b><br/>The president was pressured to step down.
